{"connection":"audio-queue","error":"","level":"error","message":"BullMQ Redis connection error","timestamp":"2026-05-10T20:11:16.447Z"}
{"connection":"analytics-queue","error":"","level":"error","message":"BullMQ Redis connection error","timestamp":"2026-05-10T20:11:16.451Z"}
{"connection":"recommendation-queue","error":"","level":"error","message":"BullMQ Redis connection error","timestamp":"2026-05-10T20:11:16.468Z"}
{"connection":"activity-queue","error":"","level":"error","message":"BullMQ Redis connection error","timestamp":"2026-05-10T20:11:16.469Z"}
{"connection":"analytics-queue","error":"","level":"error","message":"BullMQ Redis connection error","timestamp":"2026-05-10T20:11:16.515Z"}
{"connection":"audio-queue","error":"","level":"error","message":"BullMQ Redis connection error","timestamp":"2026-05-10T20:11:16.531Z"}
{"connection":"activity-queue","error":"","level":"error","message":"BullMQ Redis connection error","timestamp":"2026-05-10T20:11:16.532Z"}
{"connection":"recommendation-queue","error":"","level":"error","message":"BullMQ Redis connection error","timestamp":"2026-05-10T20:11:16.533Z"}
{"connection":"analytics-queue","error":"","level":"error","message":"BullMQ Redis connection error","timestamp":"2026-05-10T20:11:16.622Z"}
{"connection":"activity-queue","error":"","level":"error","message":"BullMQ Redis connection error","timestamp":"2026-05-10T20:11:16.640Z"}
{"connection":"audio-queue","error":"","level":"error","message":"BullMQ Redis connection error","timestamp":"2026-05-10T20:11:16.641Z"}
{"connection":"recommendation-queue","error":"","level":"error","message":"BullMQ Redis connection error","timestamp":"2026-05-10T20:11:16.642Z"}
{"connection":"analytics-queue","error":"","level":"error","message":"BullMQ Redis connection error","timestamp":"2026-05-10T20:11:16.778Z"}
{"connection":"activity-queue","error":"","level":"error","message":"BullMQ Redis connection error","timestamp":"2026-05-10T20:11:16.809Z"}
{"connection":"audio-queue","error":"","level":"error","message":"BullMQ Redis connection error","timestamp":"2026-05-10T20:11:16.810Z"}
{"connection":"recommendation-queue","error":"","level":"error","message":"BullMQ Redis connection error","timestamp":"2026-05-10T20:11:16.811Z"}
{"connection":"analytics-queue","error":"","level":"error","message":"BullMQ Redis connection error","timestamp":"2026-05-10T20:11:16.982Z"}
{"connection":"audio-queue","error":"","level":"error","message":"BullMQ Redis connection error","timestamp":"2026-05-10T20:11:17.029Z"}
{"connection":"activity-queue","error":"","level":"error","message":"BullMQ Redis connection error","timestamp":"2026-05-10T20:11:17.030Z"}
{"connection":"recommendation-queue","error":"","level":"error","message":"BullMQ Redis connection error","timestamp":"2026-05-10T20:11:17.031Z"}
{"connection":"analytics-queue","error":"","level":"error","message":"BullMQ Redis connection error","timestamp":"2026-05-10T20:11:17.257Z"}
{"connection":"activity-queue","error":"","level":"error","message":"BullMQ Redis connection error","timestamp":"2026-05-10T20:11:17.296Z"}
{"connection":"audio-queue","error":"","level":"error","message":"BullMQ Redis connection error","timestamp":"2026-05-10T20:11:17.297Z"}
{"connection":"recommendation-queue","error":"","level":"error","message":"BullMQ Redis connection error","timestamp":"2026-05-10T20:11:17.298Z"}
{"connection":"analytics-queue","error":"","level":"error","message":"BullMQ Redis connection error","timestamp":"2026-05-10T20:11:17.576Z"}
{"connection":"activity-queue","error":"","level":"error","message":"BullMQ Redis connection error","timestamp":"2026-05-10T20:11:17.607Z"}
{"connection":"recommendation-queue","error":"","level":"error","message":"BullMQ Redis connection error","timestamp":"2026-05-10T20:11:17.608Z"}
{"connection":"audio-queue","error":"","level":"error","message":"BullMQ Redis connection error","timestamp":"2026-05-10T20:11:17.609Z"}
{"connection":"analytics-queue","error":"","level":"error","message":"BullMQ Redis connection error","timestamp":"2026-05-10T20:11:17.937Z"}
{"connection":"recommendation-queue","error":"","level":"error","message":"BullMQ Redis connection error","timestamp":"2026-05-10T20:11:17.968Z"}
{"connection":"activity-queue","error":"","level":"error","message":"BullMQ Redis connection error","timestamp":"2026-05-10T20:11:17.969Z"}
{"connection":"audio-queue","error":"","level":"error","message":"BullMQ Redis connection error","timestamp":"2026-05-10T20:11:17.970Z"}
{"connection":"analytics-queue","error":"","level":"error","message":"BullMQ Redis connection error","timestamp":"2026-05-10T20:11:18.468Z"}
{"connection":"recommendation-queue","error":"","level":"error","message":"BullMQ Redis connection error","timestamp":"2026-05-10T20:11:18.470Z"}
{"connection":"activity-queue","error":"","level":"error","message":"BullMQ Redis connection error","timestamp":"2026-05-10T20:11:18.470Z"}
{"connection":"audio-queue","error":"","level":"error","message":"BullMQ Redis connection error","timestamp":"2026-05-10T20:11:18.471Z"}
{"connection":"analytics-queue","error":"","level":"error","message":"BullMQ Redis connection error","timestamp":"2026-05-10T20:11:18.937Z"}
{"connection":"audio-queue","error":"","level":"error","message":"BullMQ Redis connection error","timestamp":"2026-05-10T20:11:18.938Z"}
{"connection":"recommendation-queue","error":"","level":"error","message":"BullMQ Redis connection error","timestamp":"2026-05-10T20:11:18.939Z"}
{"connection":"activity-queue","error":"","level":"error","message":"BullMQ Redis connection error","timestamp":"2026-05-10T20:11:18.939Z"}
{"connection":"audio-queue","error":"","level":"error","message":"BullMQ Redis connection error","timestamp":"2026-05-10T20:11:19.457Z"}
{"connection":"analytics-queue","error":"","level":"error","message":"BullMQ Redis connection error","timestamp":"2026-05-10T20:11:19.460Z"}
{"connection":"activity-queue","error":"","level":"error","message":"BullMQ Redis connection error","timestamp":"2026-05-10T20:11:19.462Z"}
{"connection":"recommendation-queue","error":"","level":"error","message":"BullMQ Redis connection error","timestamp":"2026-05-10T20:11:19.463Z"}
{"connection":"analytics-queue","error":"","level":"error","message":"BullMQ Redis connection error","timestamp":"2026-05-10T20:11:20.019Z"}
{"connection":"audio-queue","error":"","level":"error","message":"BullMQ Redis connection error","timestamp":"2026-05-10T20:11:20.020Z"}
{"connection":"recommendation-queue","error":"","level":"error","message":"BullMQ Redis connection error","timestamp":"2026-05-10T20:11:20.020Z"}
{"connection":"activity-queue","error":"","level":"error","message":"BullMQ Redis connection error","timestamp":"2026-05-10T20:11:20.021Z"}
{"connection":"audio-queue","error":"","level":"error","message":"BullMQ Redis connection error","timestamp":"2026-05-10T20:11:20.628Z"}
{"connection":"analytics-queue","error":"","level":"error","message":"BullMQ Redis connection error","timestamp":"2026-05-10T20:11:20.628Z"}
{"connection":"activity-queue","error":"","level":"error","message":"BullMQ Redis connection error","timestamp":"2026-05-10T20:11:20.629Z"}
{"connection":"recommendation-queue","error":"","level":"error","message":"BullMQ Redis connection error","timestamp":"2026-05-10T20:11:20.629Z"}
{"connection":"analytics-queue","error":"","level":"error","message":"BullMQ Redis connection error","timestamp":"2026-05-10T20:11:21.298Z"}
{"connection":"audio-queue","error":"","level":"error","message":"BullMQ Redis connection error","timestamp":"2026-05-10T20:11:21.299Z"}
{"connection":"activity-queue","error":"","level":"error","message":"BullMQ Redis connection error","timestamp":"2026-05-10T20:11:21.300Z"}
{"connection":"recommendation-queue","error":"","level":"error","message":"BullMQ Redis connection error","timestamp":"2026-05-10T20:11:21.300Z"}
{"connection":"audio-queue","error":"","level":"error","message":"BullMQ Redis connection error","timestamp":"2026-05-10T20:11:22.015Z"}
{"connection":"analytics-queue","error":"","level":"error","message":"BullMQ Redis connection error","timestamp":"2026-05-10T20:11:22.016Z"}
{"connection":"recommendation-queue","error":"","level":"error","message":"BullMQ Redis connection error","timestamp":"2026-05-10T20:11:22.017Z"}
{"connection":"activity-queue","error":"","level":"error","message":"BullMQ Redis connection error","timestamp":"2026-05-10T20:11:22.017Z"}
{"connection":"analytics-queue","error":"","level":"error","message":"BullMQ Redis connection error","timestamp":"2026-05-10T20:11:22.865Z"}
{"connection":"audio-queue","error":"","level":"error","message":"BullMQ Redis connection error","timestamp":"2026-05-10T20:11:22.866Z"}
{"connection":"recommendation-queue","error":"","level":"error","message":"BullMQ Redis connection error","timestamp":"2026-05-10T20:11:22.867Z"}
{"connection":"activity-queue","error":"","level":"error","message":"BullMQ Redis connection error","timestamp":"2026-05-10T20:11:22.867Z"}
{"connection":"analytics-queue","error":"","level":"error","message":"BullMQ Redis connection error","timestamp":"2026-05-10T20:11:23.733Z"}
{"connection":"audio-queue","error":"","level":"error","message":"BullMQ Redis connection error","timestamp":"2026-05-10T20:11:23.734Z"}
{"connection":"recommendation-queue","error":"","level":"error","message":"BullMQ Redis connection error","timestamp":"2026-05-10T20:11:23.735Z"}
{"connection":"activity-queue","error":"","level":"error","message":"BullMQ Redis connection error","timestamp":"2026-05-10T20:11:23.736Z"}
{"connection":"analytics-queue","error":"","level":"error","message":"BullMQ Redis connection error","timestamp":"2026-05-10T20:11:24.607Z"}
{"connection":"activity-queue","error":"","level":"error","message":"BullMQ Redis connection error","timestamp":"2026-05-10T20:11:24.608Z"}
{"connection":"recommendation-queue","error":"","level":"error","message":"BullMQ Redis connection error","timestamp":"2026-05-10T20:11:24.608Z"}
{"connection":"audio-queue","error":"","level":"error","message":"BullMQ Redis connection error","timestamp":"2026-05-10T20:11:24.609Z"}
{"connection":"analytics-queue","error":"","level":"error","message":"BullMQ Redis connection error","timestamp":"2026-05-10T20:11:25.523Z"}
{"connection":"audio-queue","error":"","level":"error","message":"BullMQ Redis connection error","timestamp":"2026-05-10T20:11:25.524Z"}
{"connection":"recommendation-queue","error":"","level":"error","message":"BullMQ Redis connection error","timestamp":"2026-05-10T20:11:25.526Z"}
{"connection":"activity-queue","error":"","level":"error","message":"BullMQ Redis connection error","timestamp":"2026-05-10T20:11:25.526Z"}
{"connection":"audio-queue","error":"","level":"error","message":"BullMQ Redis connection error","timestamp":"2026-05-10T20:11:26.487Z"}
{"connection":"analytics-queue","error":"","level":"error","message":"BullMQ Redis connection error","timestamp":"2026-05-10T20:11:26.488Z"}
{"connection":"activity-queue","error":"","level":"error","message":"BullMQ Redis connection error","timestamp":"2026-05-10T20:11:26.488Z"}
{"connection":"recommendation-queue","error":"","level":"error","message":"BullMQ Redis connection error","timestamp":"2026-05-10T20:11:26.489Z"}
{"connection":"audio-queue","error":"","level":"error","message":"BullMQ Redis connection error","timestamp":"2026-05-10T20:11:27.506Z"}
{"connection":"recommendation-queue","error":"","level":"error","message":"BullMQ Redis connection error","timestamp":"2026-05-10T20:11:27.507Z"}
{"connection":"activity-queue","error":"","level":"error","message":"BullMQ Redis connection error","timestamp":"2026-05-10T20:11:27.508Z"}
{"connection":"analytics-queue","error":"","level":"error","message":"BullMQ Redis connection error","timestamp":"2026-05-10T20:11:27.509Z"}
{"connection":"audio-queue","error":"","level":"error","message":"BullMQ Redis connection error","timestamp":"2026-05-10T20:11:28.652Z"}
{"connection":"analytics-queue","error":"","level":"error","message":"BullMQ Redis connection error","timestamp":"2026-05-10T20:11:28.653Z"}
{"connection":"activity-queue","error":"","level":"error","message":"BullMQ Redis connection error","timestamp":"2026-05-10T20:11:28.654Z"}
{"connection":"recommendation-queue","error":"","level":"error","message":"BullMQ Redis connection error","timestamp":"2026-05-10T20:11:28.654Z"}
{"connection":"audio-queue","error":"","level":"error","message":"BullMQ Redis connection error","timestamp":"2026-05-10T20:11:29.912Z"}
{"connection":"recommendation-queue","error":"","level":"error","message":"BullMQ Redis connection error","timestamp":"2026-05-10T20:11:29.913Z"}
{"connection":"activity-queue","error":"","level":"error","message":"BullMQ Redis connection error","timestamp":"2026-05-10T20:11:29.914Z"}
{"connection":"analytics-queue","error":"","level":"error","message":"BullMQ Redis connection error","timestamp":"2026-05-10T20:11:29.915Z"}
{"connection":"analytics-queue","error":"","level":"error","message":"BullMQ Redis connection error","timestamp":"2026-05-10T20:11:31.126Z"}
{"connection":"audio-queue","error":"","level":"error","message":"BullMQ Redis connection error","timestamp":"2026-05-10T20:11:31.126Z"}
{"connection":"recommendation-queue","error":"","level":"error","message":"BullMQ Redis connection error","timestamp":"2026-05-10T20:11:31.127Z"}
{"connection":"activity-queue","error":"","level":"error","message":"BullMQ Redis connection error","timestamp":"2026-05-10T20:11:31.128Z"}
{"connection":"activity-queue","error":"","level":"error","message":"BullMQ Redis connection error","timestamp":"2026-05-10T20:11:32.379Z"}
{"connection":"analytics-queue","error":"","level":"error","message":"BullMQ Redis connection error","timestamp":"2026-05-10T20:11:32.380Z"}
{"connection":"recommendation-queue","error":"","level":"error","message":"BullMQ Redis connection error","timestamp":"2026-05-10T20:11:32.380Z"}
{"connection":"audio-queue","error":"","level":"error","message":"BullMQ Redis connection error","timestamp":"2026-05-10T20:11:32.381Z"}
{"connection":"activity-queue","error":"","level":"error","message":"BullMQ Redis connection error","timestamp":"2026-05-10T20:11:33.703Z"}
{"connection":"audio-queue","error":"","level":"error","message":"BullMQ Redis connection error","timestamp":"2026-05-10T20:11:33.705Z"}
{"connection":"recommendation-queue","error":"","level":"error","message":"BullMQ Redis connection error","timestamp":"2026-05-10T20:11:33.706Z"}
{"connection":"analytics-queue","error":"","level":"error","message":"BullMQ Redis connection error","timestamp":"2026-05-10T20:11:33.707Z"}
{"connection":"activity-queue","error":"","level":"error","message":"BullMQ Redis connection error","timestamp":"2026-05-10T20:11:35.016Z"}
{"connection":"analytics-queue","error":"","level":"error","message":"BullMQ Redis connection error","timestamp":"2026-05-10T20:11:35.017Z"}
{"connection":"recommendation-queue","error":"","level":"error","message":"BullMQ Redis connection error","timestamp":"2026-05-10T20:11:35.018Z"}
{"connection":"audio-queue","error":"","level":"error","message":"BullMQ Redis connection error","timestamp":"2026-05-10T20:11:35.019Z"}
{"connection":"analytics-queue","error":"","level":"error","message":"BullMQ Redis connection error","timestamp":"2026-05-10T20:11:36.480Z"}
{"connection":"activity-queue","error":"","level":"error","message":"BullMQ Redis connection error","timestamp":"2026-05-10T20:11:36.481Z"}
{"connection":"recommendation-queue","error":"","level":"error","message":"BullMQ Redis connection error","timestamp":"2026-05-10T20:11:36.482Z"}
{"connection":"audio-queue","error":"","level":"error","message":"BullMQ Redis connection error","timestamp":"2026-05-10T20:11:36.483Z"}
{"connection":"activity-queue","error":"","level":"error","message":"BullMQ Redis connection error","timestamp":"2026-05-10T20:11:38.024Z"}
{"connection":"analytics-queue","error":"","level":"error","message":"BullMQ Redis connection error","timestamp":"2026-05-10T20:11:38.025Z"}
{"connection":"audio-queue","error":"","level":"error","message":"BullMQ Redis connection error","timestamp":"2026-05-10T20:11:38.025Z"}
{"connection":"recommendation-queue","error":"","level":"error","message":"BullMQ Redis connection error","timestamp":"2026-05-10T20:11:38.026Z"}
{"connection":"recommendation-queue","error":"","level":"error","message":"BullMQ Redis connection error","timestamp":"2026-05-10T20:11:39.570Z"}
{"connection":"activity-queue","error":"","level":"error","message":"BullMQ Redis connection error","timestamp":"2026-05-10T20:11:39.571Z"}
{"connection":"audio-queue","error":"","level":"error","message":"BullMQ Redis connection error","timestamp":"2026-05-10T20:11:39.572Z"}
{"connection":"analytics-queue","error":"","level":"error","message":"BullMQ Redis connection error","timestamp":"2026-05-10T20:11:39.573Z"}
{"connection":"activity-queue","error":"","level":"error","message":"BullMQ Redis connection error","timestamp":"2026-05-10T20:11:41.140Z"}
{"connection":"recommendation-queue","error":"","level":"error","message":"BullMQ Redis connection error","timestamp":"2026-05-10T20:11:41.141Z"}
{"connection":"analytics-queue","error":"","level":"error","message":"BullMQ Redis connection error","timestamp":"2026-05-10T20:11:41.143Z"}
{"connection":"audio-queue","error":"","level":"error","message":"BullMQ Redis connection error","timestamp":"2026-05-10T20:11:41.144Z"}
{"connection":"activity-queue","error":"","level":"error","message":"BullMQ Redis connection error","timestamp":"2026-05-10T20:11:42.780Z"}
{"connection":"recommendation-queue","error":"","level":"error","message":"BullMQ Redis connection error","timestamp":"2026-05-10T20:11:42.782Z"}
{"connection":"audio-queue","error":"","level":"error","message":"BullMQ Redis connection error","timestamp":"2026-05-10T20:11:42.783Z"}
{"connection":"analytics-queue","error":"","level":"error","message":"BullMQ Redis connection error","timestamp":"2026-05-10T20:11:42.784Z"}
{"connection":"activity-queue","error":"","level":"error","message":"BullMQ Redis connection error","timestamp":"2026-05-10T20:11:44.447Z"}
{"connection":"analytics-queue","error":"","level":"error","message":"BullMQ Redis connection error","timestamp":"2026-05-10T20:11:44.448Z"}
{"connection":"audio-queue","error":"","level":"error","message":"BullMQ Redis connection error","timestamp":"2026-05-10T20:11:44.449Z"}
{"connection":"recommendation-queue","error":"","level":"error","message":"BullMQ Redis connection error","timestamp":"2026-05-10T20:11:44.450Z"}
{"connection":"activity-queue","error":"","level":"error","message":"BullMQ Redis connection error","timestamp":"2026-05-10T20:11:46.159Z"}
{"connection":"recommendation-queue","error":"","level":"error","message":"BullMQ Redis connection error","timestamp":"2026-05-10T20:11:46.160Z"}
{"connection":"audio-queue","error":"","level":"error","message":"BullMQ Redis connection error","timestamp":"2026-05-10T20:11:46.161Z"}
{"connection":"analytics-queue","error":"","level":"error","message":"BullMQ Redis connection error","timestamp":"2026-05-10T20:11:46.163Z"}
{"connection":"activity-queue","error":"","level":"error","message":"BullMQ Redis connection error","timestamp":"2026-05-10T20:11:47.997Z"}
{"connection":"recommendation-queue","error":"","level":"error","message":"BullMQ Redis connection error","timestamp":"2026-05-10T20:11:47.998Z"}
{"connection":"analytics-queue","error":"","level":"error","message":"BullMQ Redis connection error","timestamp":"2026-05-10T20:11:47.999Z"}
{"connection":"audio-queue","error":"","level":"error","message":"BullMQ Redis connection error","timestamp":"2026-05-10T20:11:47.999Z"}
{"connection":"activity-queue","error":"","level":"error","message":"BullMQ Redis connection error","timestamp":"2026-05-10T20:11:49.813Z"}
{"connection":"recommendation-queue","error":"","level":"error","message":"BullMQ Redis connection error","timestamp":"2026-05-10T20:11:49.813Z"}
{"connection":"analytics-queue","error":"","level":"error","message":"BullMQ Redis connection error","timestamp":"2026-05-10T20:11:49.814Z"}
{"connection":"audio-queue","error":"","level":"error","message":"BullMQ Redis connection error","timestamp":"2026-05-10T20:11:49.814Z"}
{"connection":"activity-queue","error":"","level":"error","message":"BullMQ Redis connection error","timestamp":"2026-05-10T20:11:51.626Z"}
{"connection":"audio-queue","error":"","level":"error","message":"BullMQ Redis connection error","timestamp":"2026-05-10T20:11:51.626Z"}
{"connection":"analytics-queue","error":"","level":"error","message":"BullMQ Redis connection error","timestamp":"2026-05-10T20:11:51.627Z"}
{"connection":"recommendation-queue","error":"","level":"error","message":"BullMQ Redis connection error","timestamp":"2026-05-10T20:11:51.627Z"}
{"connection":"recommendation-queue","error":"","level":"error","message":"BullMQ Redis connection error","timestamp":"2026-05-10T20:11:53.600Z"}
{"connection":"activity-queue","error":"","level":"error","message":"BullMQ Redis connection error","timestamp":"2026-05-10T20:11:53.601Z"}
{"connection":"analytics-queue","error":"","level":"error","message":"BullMQ Redis connection error","timestamp":"2026-05-10T20:11:53.601Z"}
{"connection":"audio-queue","error":"","level":"error","message":"BullMQ Redis connection error","timestamp":"2026-05-10T20:11:53.602Z"}
{"connection":"recommendation-queue","error":"","level":"error","message":"BullMQ Redis connection error","timestamp":"2026-05-10T20:11:55.908Z"}
{"connection":"activity-queue","error":"","level":"error","message":"BullMQ Redis connection error","timestamp":"2026-05-10T20:11:55.909Z"}
{"connection":"audio-queue","error":"","level":"error","message":"BullMQ Redis connection error","timestamp":"2026-05-10T20:11:55.910Z"}
{"connection":"analytics-queue","error":"","level":"error","message":"BullMQ Redis connection error","timestamp":"2026-05-10T20:11:55.911Z"}
{"connection":"activity-queue","error":"","level":"error","message":"BullMQ Redis connection error","timestamp":"2026-05-10T20:11:57.886Z"}
{"connection":"recommendation-queue","error":"","level":"error","message":"BullMQ Redis connection error","timestamp":"2026-05-10T20:11:57.886Z"}
{"connection":"analytics-queue","error":"","level":"error","message":"BullMQ Redis connection error","timestamp":"2026-05-10T20:11:57.887Z"}
{"connection":"audio-queue","error":"","level":"error","message":"BullMQ Redis connection error","timestamp":"2026-05-10T20:11:57.887Z"}
{"connection":"activity-queue","error":"","level":"error","message":"BullMQ Redis connection error","timestamp":"2026-05-10T20:12:00.094Z"}
{"connection":"audio-queue","error":"","level":"error","message":"BullMQ Redis connection error","timestamp":"2026-05-10T20:12:00.095Z"}
{"connection":"analytics-queue","error":"","level":"error","message":"BullMQ Redis connection error","timestamp":"2026-05-10T20:12:00.096Z"}
{"connection":"recommendation-queue","error":"","level":"error","message":"BullMQ Redis connection error","timestamp":"2026-05-10T20:12:00.097Z"}
{"connection":"activity-queue","error":"","level":"error","message":"BullMQ Redis connection error","timestamp":"2026-05-10T20:12:02.143Z"}
{"connection":"recommendation-queue","error":"","level":"error","message":"BullMQ Redis connection error","timestamp":"2026-05-10T20:12:02.146Z"}
{"connection":"analytics-queue","error":"","level":"error","message":"BullMQ Redis connection error","timestamp":"2026-05-10T20:12:02.148Z"}
{"connection":"audio-queue","error":"","level":"error","message":"BullMQ Redis connection error","timestamp":"2026-05-10T20:12:02.150Z"}
{"connection":"audio-queue","error":"","level":"error","message":"BullMQ Redis connection error","timestamp":"2026-05-10T20:12:04.213Z"}
{"connection":"activity-queue","error":"","level":"error","message":"BullMQ Redis connection error","timestamp":"2026-05-10T20:12:04.214Z"}
{"connection":"recommendation-queue","error":"","level":"error","message":"BullMQ Redis connection error","timestamp":"2026-05-10T20:12:04.215Z"}
{"connection":"analytics-queue","error":"","level":"error","message":"BullMQ Redis connection error","timestamp":"2026-05-10T20:12:04.216Z"}
{"connection":"audio-queue","error":"","level":"error","message":"BullMQ Redis connection error","timestamp":"2026-05-10T20:12:06.268Z"}
{"connection":"analytics-queue","error":"","level":"error","message":"BullMQ Redis connection error","timestamp":"2026-05-10T20:12:06.269Z"}
{"connection":"activity-queue","error":"","level":"error","message":"BullMQ Redis connection error","timestamp":"2026-05-10T20:12:06.269Z"}
{"connection":"recommendation-queue","error":"","level":"error","message":"BullMQ Redis connection error","timestamp":"2026-05-10T20:12:06.270Z"}
{"connection":"audio-queue","error":"","level":"error","message":"BullMQ Redis connection error","timestamp":"2026-05-10T20:12:08.338Z"}
{"connection":"analytics-queue","error":"","level":"error","message":"BullMQ Redis connection error","timestamp":"2026-05-10T20:12:08.339Z"}
{"connection":"recommendation-queue","error":"","level":"error","message":"BullMQ Redis connection error","timestamp":"2026-05-10T20:12:08.340Z"}
{"connection":"activity-queue","error":"","level":"error","message":"BullMQ Redis connection error","timestamp":"2026-05-10T20:12:08.341Z"}
{"connection":"audio-queue","error":"","level":"error","message":"BullMQ Redis connection error","timestamp":"2026-05-10T20:12:10.399Z"}
{"connection":"activity-queue","error":"","level":"error","message":"BullMQ Redis connection error","timestamp":"2026-05-10T20:12:10.400Z"}
{"connection":"recommendation-queue","error":"","level":"error","message":"BullMQ Redis connection error","timestamp":"2026-05-10T20:12:10.400Z"}
{"connection":"analytics-queue","error":"","level":"error","message":"BullMQ Redis connection error","timestamp":"2026-05-10T20:12:10.401Z"}
{"connection":"activity-queue","error":"","level":"error","message":"BullMQ Redis connection error","timestamp":"2026-05-10T20:12:12.455Z"}
{"connection":"audio-queue","error":"","level":"error","message":"BullMQ Redis connection error","timestamp":"2026-05-10T20:12:12.457Z"}
{"connection":"analytics-queue","error":"","level":"error","message":"BullMQ Redis connection error","timestamp":"2026-05-10T20:12:12.460Z"}
{"connection":"recommendation-queue","error":"","level":"error","message":"BullMQ Redis connection error","timestamp":"2026-05-10T20:12:12.461Z"}
{"connection":"recommendation-queue","error":"","level":"error","message":"BullMQ Redis connection error","timestamp":"2026-05-10T20:12:14.526Z"}
{"connection":"analytics-queue","error":"","level":"error","message":"BullMQ Redis connection error","timestamp":"2026-05-10T20:12:14.528Z"}
{"connection":"audio-queue","error":"","level":"error","message":"BullMQ Redis connection error","timestamp":"2026-05-10T20:12:14.529Z"}
{"connection":"activity-queue","error":"","level":"error","message":"BullMQ Redis connection error","timestamp":"2026-05-10T20:12:14.530Z"}
{"connection":"recommendation-queue","error":"","level":"error","message":"BullMQ Redis connection error","timestamp":"2026-05-10T20:12:16.692Z"}
{"connection":"analytics-queue","error":"","level":"error","message":"BullMQ Redis connection error","timestamp":"2026-05-10T20:12:16.692Z"}
{"connection":"activity-queue","error":"","level":"error","message":"BullMQ Redis connection error","timestamp":"2026-05-10T20:12:16.693Z"}
{"connection":"audio-queue","error":"","level":"error","message":"BullMQ Redis connection error","timestamp":"2026-05-10T20:12:16.693Z"}
{"connection":"analytics-queue","error":"","level":"error","message":"BullMQ Redis connection error","timestamp":"2026-05-10T20:12:18.810Z"}
{"connection":"recommendation-queue","error":"","level":"error","message":"BullMQ Redis connection error","timestamp":"2026-05-10T20:12:18.811Z"}
{"connection":"audio-queue","error":"","level":"error","message":"BullMQ Redis connection error","timestamp":"2026-05-10T20:12:18.812Z"}
{"connection":"activity-queue","error":"","level":"error","message":"BullMQ Redis connection error","timestamp":"2026-05-10T20:12:18.812Z"}
{"connection":"recommendation-queue","error":"","level":"error","message":"BullMQ Redis connection error","timestamp":"2026-05-10T20:12:20.946Z"}
{"connection":"analytics-queue","error":"","level":"error","message":"BullMQ Redis connection error","timestamp":"2026-05-10T20:12:20.947Z"}
{"connection":"audio-queue","error":"","level":"error","message":"BullMQ Redis connection error","timestamp":"2026-05-10T20:12:20.948Z"}
{"connection":"activity-queue","error":"","level":"error","message":"BullMQ Redis connection error","timestamp":"2026-05-10T20:12:20.948Z"}
{"connection":"analytics-queue","error":"","level":"error","message":"BullMQ Redis connection error","timestamp":"2026-05-10T20:12:23.062Z"}
{"connection":"recommendation-queue","error":"","level":"error","message":"BullMQ Redis connection error","timestamp":"2026-05-10T20:12:23.063Z"}
{"connection":"activity-queue","error":"","level":"error","message":"BullMQ Redis connection error","timestamp":"2026-05-10T20:12:23.064Z"}
{"connection":"audio-queue","error":"","level":"error","message":"BullMQ Redis connection error","timestamp":"2026-05-10T20:12:23.065Z"}
{"connection":"activity-queue","error":"","level":"error","message":"BullMQ Redis connection error","timestamp":"2026-05-10T20:12:25.094Z"}
{"connection":"recommendation-queue","error":"","level":"error","message":"BullMQ Redis connection error","timestamp":"2026-05-10T20:12:25.095Z"}
{"connection":"audio-queue","error":"","level":"error","message":"BullMQ Redis connection error","timestamp":"2026-05-10T20:12:25.096Z"}
{"connection":"analytics-queue","error":"","level":"error","message":"BullMQ Redis connection error","timestamp":"2026-05-10T20:12:25.096Z"}
{"connection":"activity-queue","error":"","level":"error","message":"BullMQ Redis connection error","timestamp":"2026-05-10T20:12:27.134Z"}
{"connection":"recommendation-queue","error":"","level":"error","message":"BullMQ Redis connection error","timestamp":"2026-05-10T20:12:27.135Z"}
{"connection":"analytics-queue","error":"","level":"error","message":"BullMQ Redis connection error","timestamp":"2026-05-10T20:12:27.136Z"}
{"connection":"audio-queue","error":"","level":"error","message":"BullMQ Redis connection error","timestamp":"2026-05-10T20:12:27.137Z"}
{"connection":"recommendation-queue","error":"","level":"error","message":"BullMQ Redis connection error","timestamp":"2026-05-10T20:12:29.193Z"}
{"connection":"activity-queue","error":"","level":"error","message":"BullMQ Redis connection error","timestamp":"2026-05-10T20:12:29.194Z"}
{"connection":"audio-queue","error":"","level":"error","message":"BullMQ Redis connection error","timestamp":"2026-05-10T20:12:29.195Z"}
{"connection":"analytics-queue","error":"","level":"error","message":"BullMQ Redis connection error","timestamp":"2026-05-10T20:12:29.195Z"}
{"connection":"recommendation-queue","error":"","level":"error","message":"BullMQ Redis connection error","timestamp":"2026-05-10T20:12:31.252Z"}
{"connection":"analytics-queue","error":"","level":"error","message":"BullMQ Redis connection error","timestamp":"2026-05-10T20:12:31.253Z"}
{"connection":"audio-queue","error":"","level":"error","message":"BullMQ Redis connection error","timestamp":"2026-05-10T20:12:31.254Z"}
{"connection":"activity-queue","error":"","level":"error","message":"BullMQ Redis connection error","timestamp":"2026-05-10T20:12:31.254Z"}
{"connection":"recommendation-queue","error":"","level":"error","message":"BullMQ Redis connection error","timestamp":"2026-05-10T20:12:33.304Z"}
{"connection":"activity-queue","error":"","level":"error","message":"BullMQ Redis connection error","timestamp":"2026-05-10T20:12:33.307Z"}
{"connection":"audio-queue","error":"","level":"error","message":"BullMQ Redis connection error","timestamp":"2026-05-10T20:12:33.308Z"}
{"connection":"analytics-queue","error":"","level":"error","message":"BullMQ Redis connection error","timestamp":"2026-05-10T20:12:33.308Z"}
{"connection":"recommendation-queue","error":"","level":"error","message":"BullMQ Redis connection error","timestamp":"2026-05-10T20:12:35.351Z"}
{"connection":"audio-queue","error":"","level":"error","message":"BullMQ Redis connection error","timestamp":"2026-05-10T20:12:35.352Z"}
{"connection":"analytics-queue","error":"","level":"error","message":"BullMQ Redis connection error","timestamp":"2026-05-10T20:12:35.353Z"}
{"connection":"activity-queue","error":"","level":"error","message":"BullMQ Redis connection error","timestamp":"2026-05-10T20:12:35.353Z"}
{"connection":"recommendation-queue","error":"","level":"error","message":"BullMQ Redis connection error","timestamp":"2026-05-10T20:12:37.413Z"}
{"connection":"audio-queue","error":"","level":"error","message":"BullMQ Redis connection error","timestamp":"2026-05-10T20:12:37.414Z"}
{"connection":"analytics-queue","error":"","level":"error","message":"BullMQ Redis connection error","timestamp":"2026-05-10T20:12:37.414Z"}
{"connection":"activity-queue","error":"","level":"error","message":"BullMQ Redis connection error","timestamp":"2026-05-10T20:12:37.415Z"}
{"connection":"recommendation-queue","error":"","level":"error","message":"BullMQ Redis connection error","timestamp":"2026-05-10T20:12:39.479Z"}
{"connection":"activity-queue","error":"","level":"error","message":"BullMQ Redis connection error","timestamp":"2026-05-10T20:12:39.480Z"}
{"connection":"audio-queue","error":"","level":"error","message":"BullMQ Redis connection error","timestamp":"2026-05-10T20:12:39.481Z"}
{"connection":"analytics-queue","error":"","level":"error","message":"BullMQ Redis connection error","timestamp":"2026-05-10T20:12:39.481Z"}
{"connection":"activity-queue","error":"","level":"error","message":"BullMQ Redis connection error","timestamp":"2026-05-10T20:12:41.523Z"}
{"connection":"recommendation-queue","error":"","level":"error","message":"BullMQ Redis connection error","timestamp":"2026-05-10T20:12:41.524Z"}
{"connection":"analytics-queue","error":"","level":"error","message":"BullMQ Redis connection error","timestamp":"2026-05-10T20:12:41.525Z"}
{"connection":"audio-queue","error":"","level":"error","message":"BullMQ Redis connection error","timestamp":"2026-05-10T20:12:41.526Z"}
{"connection":"activity-queue","error":"","level":"error","message":"BullMQ Redis connection error","timestamp":"2026-05-10T20:12:43.583Z"}
{"connection":"analytics-queue","error":"","level":"error","message":"BullMQ Redis connection error","timestamp":"2026-05-10T20:12:43.584Z"}
{"connection":"audio-queue","error":"","level":"error","message":"BullMQ Redis connection error","timestamp":"2026-05-10T20:12:43.585Z"}
{"connection":"recommendation-queue","error":"","level":"error","message":"BullMQ Redis connection error","timestamp":"2026-05-10T20:12:43.586Z"}
{"connection":"activity-queue","error":"","level":"error","message":"BullMQ Redis connection error","timestamp":"2026-05-10T20:12:45.638Z"}
{"connection":"analytics-queue","error":"","level":"error","message":"BullMQ Redis connection error","timestamp":"2026-05-10T20:12:45.639Z"}
{"connection":"audio-queue","error":"","level":"error","message":"BullMQ Redis connection error","timestamp":"2026-05-10T20:12:45.640Z"}
{"connection":"recommendation-queue","error":"","level":"error","message":"BullMQ Redis connection error","timestamp":"2026-05-10T20:12:45.640Z"}
{"connection":"analytics-queue","error":"","level":"error","message":"BullMQ Redis connection error","timestamp":"2026-05-10T20:12:47.690Z"}
{"connection":"activity-queue","error":"","level":"error","message":"BullMQ Redis connection error","timestamp":"2026-05-10T20:12:47.691Z"}
{"connection":"recommendation-queue","error":"","level":"error","message":"BullMQ Redis connection error","timestamp":"2026-05-10T20:12:47.692Z"}
{"connection":"audio-queue","error":"","level":"error","message":"BullMQ Redis connection error","timestamp":"2026-05-10T20:12:47.693Z"}
{"connection":"analytics-queue","error":"","level":"error","message":"BullMQ Redis connection error","timestamp":"2026-05-10T20:12:49.750Z"}
{"connection":"audio-queue","error":"","level":"error","message":"BullMQ Redis connection error","timestamp":"2026-05-10T20:12:49.752Z"}
{"connection":"activity-queue","error":"","level":"error","message":"BullMQ Redis connection error","timestamp":"2026-05-10T20:12:49.753Z"}
{"connection":"recommendation-queue","error":"","level":"error","message":"BullMQ Redis connection error","timestamp":"2026-05-10T20:12:49.755Z"}
{"connection":"recommendation-queue","error":"","level":"error","message":"BullMQ Redis connection error","timestamp":"2026-05-10T20:12:51.835Z"}
{"connection":"analytics-queue","error":"","level":"error","message":"BullMQ Redis connection error","timestamp":"2026-05-10T20:12:51.836Z"}
{"connection":"activity-queue","error":"","level":"error","message":"BullMQ Redis connection error","timestamp":"2026-05-10T20:12:51.837Z"}
{"connection":"audio-queue","error":"","level":"error","message":"BullMQ Redis connection error","timestamp":"2026-05-10T20:12:51.837Z"}
{"connection":"recommendation-queue","error":"","level":"error","message":"BullMQ Redis connection error","timestamp":"2026-05-10T20:12:53.941Z"}
{"connection":"audio-queue","error":"","level":"error","message":"BullMQ Redis connection error","timestamp":"2026-05-10T20:12:53.942Z"}
{"connection":"analytics-queue","error":"","level":"error","message":"BullMQ Redis connection error","timestamp":"2026-05-10T20:12:53.942Z"}
{"connection":"activity-queue","error":"","level":"error","message":"BullMQ Redis connection error","timestamp":"2026-05-10T20:12:53.942Z"}
{"connection":"activity-queue","error":"","level":"error","message":"BullMQ Redis connection error","timestamp":"2026-05-10T20:12:56.004Z"}
{"connection":"recommendation-queue","error":"","level":"error","message":"BullMQ Redis connection error","timestamp":"2026-05-10T20:12:56.005Z"}
{"connection":"audio-queue","error":"","level":"error","message":"BullMQ Redis connection error","timestamp":"2026-05-10T20:12:56.005Z"}
{"connection":"analytics-queue","error":"","level":"error","message":"BullMQ Redis connection error","timestamp":"2026-05-10T20:12:56.006Z"}
{"connection":"activity-queue","error":"","level":"error","message":"BullMQ Redis connection error","timestamp":"2026-05-10T20:12:58.055Z"}
{"connection":"recommendation-queue","error":"","level":"error","message":"BullMQ Redis connection error","timestamp":"2026-05-10T20:12:58.057Z"}
{"connection":"analytics-queue","error":"","level":"error","message":"BullMQ Redis connection error","timestamp":"2026-05-10T20:12:58.057Z"}
{"connection":"audio-queue","error":"","level":"error","message":"BullMQ Redis connection error","timestamp":"2026-05-10T20:12:58.057Z"}
{"connection":"recommendation-queue","error":"","level":"error","message":"BullMQ Redis connection error","timestamp":"2026-05-10T20:13:00.120Z"}
{"connection":"activity-queue","error":"","level":"error","message":"BullMQ Redis connection error","timestamp":"2026-05-10T20:13:00.121Z"}
{"connection":"audio-queue","error":"","level":"error","message":"BullMQ Redis connection error","timestamp":"2026-05-10T20:13:00.122Z"}
{"connection":"analytics-queue","error":"","level":"error","message":"BullMQ Redis connection error","timestamp":"2026-05-10T20:13:00.123Z"}
{"connection":"analytics-queue","error":"","level":"error","message":"BullMQ Redis connection error","timestamp":"2026-05-10T20:13:02.174Z"}
{"connection":"recommendation-queue","error":"","level":"error","message":"BullMQ Redis connection error","timestamp":"2026-05-10T20:13:02.175Z"}
{"connection":"audio-queue","error":"","level":"error","message":"BullMQ Redis connection error","timestamp":"2026-05-10T20:13:02.175Z"}
{"connection":"activity-queue","error":"","level":"error","message":"BullMQ Redis connection error","timestamp":"2026-05-10T20:13:02.176Z"}
{"connection":"activity-queue","error":"","level":"error","message":"BullMQ Redis connection error","timestamp":"2026-05-10T20:13:05.288Z"}
{"connection":"analytics-queue","error":"","level":"error","message":"BullMQ Redis connection error","timestamp":"2026-05-10T20:13:05.292Z"}
{"connection":"audio-queue","error":"","level":"error","message":"BullMQ Redis connection error","timestamp":"2026-05-10T20:13:05.294Z"}
{"connection":"recommendation-queue","error":"","level":"error","message":"BullMQ Redis connection error","timestamp":"2026-05-10T20:13:05.295Z"}
{"connection":"analytics-queue","error":"","level":"error","message":"BullMQ Redis connection error","timestamp":"2026-05-10T20:13:07.394Z"}
{"connection":"audio-queue","error":"","level":"error","message":"BullMQ Redis connection error","timestamp":"2026-05-10T20:13:07.395Z"}
{"connection":"recommendation-queue","error":"","level":"error","message":"BullMQ Redis connection error","timestamp":"2026-05-10T20:13:07.396Z"}
{"connection":"activity-queue","error":"","level":"error","message":"BullMQ Redis connection error","timestamp":"2026-05-10T20:13:07.397Z"}
{"connection":"audio-queue","error":"","level":"error","message":"BullMQ Redis connection error","timestamp":"2026-05-10T20:13:09.439Z"}
{"connection":"analytics-queue","error":"","level":"error","message":"BullMQ Redis connection error","timestamp":"2026-05-10T20:13:09.440Z"}
{"connection":"activity-queue","error":"","level":"error","message":"BullMQ Redis connection error","timestamp":"2026-05-10T20:13:09.440Z"}
{"connection":"recommendation-queue","error":"","level":"error","message":"BullMQ Redis connection error","timestamp":"2026-05-10T20:13:09.441Z"}
{"connection":"analytics-queue","error":"","level":"error","message":"BullMQ Redis connection error","timestamp":"2026-05-10T20:13:11.494Z"}
{"connection":"audio-queue","error":"","level":"error","message":"BullMQ Redis connection error","timestamp":"2026-05-10T20:13:11.494Z"}
{"connection":"activity-queue","error":"","level":"error","message":"BullMQ Redis connection error","timestamp":"2026-05-10T20:13:11.495Z"}
{"connection":"recommendation-queue","error":"","level":"error","message":"BullMQ Redis connection error","timestamp":"2026-05-10T20:13:11.496Z"}
{"level":"error","message":{"dbError":"MongoDB connection timed out"},"timestamp":"2026-05-10T20:22:10.092Z"}
{"level":"error","message":{"dbError":"MongoDB connection timed out"},"timestamp":"2026-05-10T20:23:26.097Z"}
{"level":"error","message":{"dbError":"MongoDB connection timed out"},"timestamp":"2026-05-10T20:24:11.732Z"}
{"error":"","level":"error","message":"Redis client error","timestamp":"2026-05-10T20:24:11.788Z"}
{"error":"","level":"error","message":"Redis client error","timestamp":"2026-05-10T20:24:11.796Z"}
{"error":"","level":"error","message":"Redis client error","timestamp":"2026-05-10T20:24:12.349Z"}
{"error":"","level":"error","message":"Redis client error","timestamp":"2026-05-10T20:24:13.362Z"}
{"error":"","level":"error","message":"Redis client error","timestamp":"2026-05-10T20:24:14.872Z"}
{"error":"","level":"error","message":"Redis client error","timestamp":"2026-05-10T20:24:16.930Z"}
{"level":"error","message":"Redis retry limit reached","retries":6,"timestamp":"2026-05-10T20:24:19.493Z"}
{"level":"error","message":"listen EADDRINUSE: address already in use :::3000","stack":"Error: listen EADDRINUSE: address already in use :::3000\n    at Server.setupListenHandle [as _listen2] (node:net:1940:16)\n    at listenInCluster (node:net:1997:12)\n    at Server.listen (node:net:2102:7)\n    at startServer (D:\\desktop\\Back\\Spotify-Clone\\Backend\\server.js:88:12)\n    at process.processTicksAndRejections (node:internal/process/task_queues:105:5)","timestamp":"2026-05-10T20:26:25.107Z","type":"UNCAUGHT_EXCEPTION"}
{"level":"error","message":"language override unsupported: Hindi","method":"POST","requestId":"d63c703e-15f1-4984-a9bc-fcf36cd21413","stack":"MongoServerError: language override unsupported: Hindi\n    at InsertOneOperation.handleOk (D:\\desktop\\Back\\Spotify-Clone\\Backend\\node_modules\\mongodb\\lib\\operations\\insert.js:51:19)\n    at executeOperationWithRetries (D:\\desktop\\Back\\Spotify-Clone\\Backend\\node_modules\\mongodb\\lib\\operations\\execute_operation.js:194:34)\n    at process.processTicksAndRejections (node:internal/process/task_queues:105:5)\n    at async executeOperation (D:\\desktop\\Back\\Spotify-Clone\\Backend\\node_modules\\mongodb\\lib\\operations\\execute_operation.js:83:16)\n    at async Collection.insertOne (D:\\desktop\\Back\\Spotify-Clone\\Backend\\node_modules\\mongodb\\lib\\collection.js:154:16)\n    at async model.$__save (D:\\desktop\\Back\\Spotify-Clone\\Backend\\node_modules\\mongoose\\lib\\model.js:428:16)\n    at async model.save (D:\\desktop\\Back\\Spotify-Clone\\Backend\\node_modules\\mongoose\\lib\\model.js:667:5)\n    at async model.create (D:\\desktop\\Back\\Spotify-Clone\\Backend\\node_modules\\mongoose\\lib\\model.js:2747:5)\n    at async D:\\desktop\\Back\\Spotify-Clone\\Backend\\src\\controllers\\music.controller.js:40:17","statusCode":500,"timestamp":"2026-05-10T21:03:38.551Z","url":"/api/music/upload"}
{"level":"error","message":"Unexpected field","method":"POST","requestId":"4afbe9e0-aebb-4245-acf0-849796aa4185","stack":"MulterError: Unexpected field\n    at wrappedFileFilter (D:\\desktop\\Back\\Spotify-Clone\\Backend\\node_modules\\multer\\index.js:41:19)\n    at Multipart.<anonymous> (D:\\desktop\\Back\\Spotify-Clone\\Backend\\node_modules\\multer\\lib\\make-middleware.js:183:7)\n    at Multipart.emit (node:events:507:28)\n    at HeaderParser.cb (D:\\desktop\\Back\\Spotify-Clone\\Backend\\node_modules\\busboy\\lib\\types\\multipart.js:358:14)\n    at HeaderParser.push (D:\\desktop\\Back\\Spotify-Clone\\Backend\\node_modules\\busboy\\lib\\types\\multipart.js:162:20)\n    at SBMH.ssCb [as _cb] (D:\\desktop\\Back\\Spotify-Clone\\Backend\\node_modules\\busboy\\lib\\types\\multipart.js:394:37)\n    at feed (D:\\desktop\\Back\\Spotify-Clone\\Backend\\node_modules\\streamsearch\\lib\\sbmh.js:248:10)\n    at SBMH.push (D:\\desktop\\Back\\Spotify-Clone\\Backend\\node_modules\\streamsearch\\lib\\sbmh.js:104:16)\n    at Multipart._write (D:\\desktop\\Back\\Spotify-Clone\\Backend\\node_modules\\busboy\\lib\\types\\multipart.js:567:19)\n    at writeOrBuffer (node:internal/streams/writable:570:12)","statusCode":500,"timestamp":"2026-05-10T21:11:19.527Z","url":"/api/music/upload"}
{"level":"error","message":"Unexpected field","method":"POST","requestId":"be703593-1d64-4b36-b95c-1949fdff0f03","stack":"MulterError: Unexpected field\n    at wrappedFileFilter (D:\\desktop\\Back\\Spotify-Clone\\Backend\\node_modules\\multer\\index.js:41:19)\n    at Multipart.<anonymous> (D:\\desktop\\Back\\Spotify-Clone\\Backend\\node_modules\\multer\\lib\\make-middleware.js:183:7)\n    at Multipart.emit (node:events:507:28)\n    at HeaderParser.cb (D:\\desktop\\Back\\Spotify-Clone\\Backend\\node_modules\\busboy\\lib\\types\\multipart.js:358:14)\n    at HeaderParser.push (D:\\desktop\\Back\\Spotify-Clone\\Backend\\node_modules\\busboy\\lib\\types\\multipart.js:162:20)\n    at SBMH.ssCb [as _cb] (D:\\desktop\\Back\\Spotify-Clone\\Backend\\node_modules\\busboy\\lib\\types\\multipart.js:394:37)\n    at feed (D:\\desktop\\Back\\Spotify-Clone\\Backend\\node_modules\\streamsearch\\lib\\sbmh.js:200:10)\n    at SBMH.push (D:\\desktop\\Back\\Spotify-Clone\\Backend\\node_modules\\streamsearch\\lib\\sbmh.js:104:16)\n    at Multipart._write (D:\\desktop\\Back\\Spotify-Clone\\Backend\\node_modules\\busboy\\lib\\types\\multipart.js:567:19)\n    at writeOrBuffer (node:internal/streams/writable:570:12)","statusCode":500,"timestamp":"2026-05-10T21:13:08.249Z","url":"/api/music/upload"}
{"connection":"audio-worker","error":"read ECONNRESET","level":"error","message":"BullMQ Redis connection error","timestamp":"2026-05-11T05:18:33.396Z"}
{"connection":"activity-worker","error":"read ECONNRESET","level":"error","message":"BullMQ Redis connection error","timestamp":"2026-05-11T05:18:33.603Z"}
{"connection":"notification-worker","error":"read ECONNRESET","level":"error","message":"BullMQ Redis connection error","timestamp":"2026-05-11T05:18:33.682Z"}
{"connection":"recommendation-worker","error":"read ECONNRESET","level":"error","message":"BullMQ Redis connection error","timestamp":"2026-05-11T05:18:33.782Z"}
{"error":"read ECONNRESET","level":"error","message":"Redis client error","timestamp":"2026-05-11T05:18:33.930Z"}
{"connection":"analytics-worker","error":"read ECONNRESET","level":"error","message":"BullMQ Redis connection error","timestamp":"2026-05-11T05:18:34.053Z"}
{"connection":"activity-worker","error":"read ECONNRESET","level":"error","message":"BullMQ Redis connection error","timestamp":"2026-05-11T05:28:02.733Z"}
{"error":"read ECONNRESET","level":"error","message":"Redis client error","timestamp":"2026-05-11T05:28:03.339Z"}
{"connection":"analytics-worker","error":"read ECONNRESET","level":"error","message":"BullMQ Redis connection error","timestamp":"2026-05-11T05:28:03.409Z"}
{"connection":"recommendation-worker","error":"read ECONNRESET","level":"error","message":"BullMQ Redis connection error","timestamp":"2026-05-11T05:28:03.523Z"}
{"connection":"audio-worker","error":"read ECONNRESET","level":"error","message":"BullMQ Redis connection error","timestamp":"2026-05-11T05:28:03.615Z"}
{"connection":"notification-worker","error":"read ECONNRESET","level":"error","message":"BullMQ Redis connection error","timestamp":"2026-05-11T05:28:03.686Z"}
{"error":"getaddrinfo ENOTFOUND redis-19908.c325.us-east-1-4.ec2.cloud.redislabs.com","level":"error","message":"Redis client error","timestamp":"2026-05-11T05:28:05.221Z"}
{"connection":"activity-worker","error":"getaddrinfo ENOTFOUND redis-19908.c325.us-east-1-4.ec2.cloud.redislabs.com","level":"error","message":"BullMQ Redis connection error","timestamp":"2026-05-11T05:28:05.289Z"}
{"connection":"notification-worker","error":"getaddrinfo ENOTFOUND redis-19908.c325.us-east-1-4.ec2.cloud.redislabs.com","level":"error","message":"BullMQ Redis connection error","timestamp":"2026-05-11T05:28:05.665Z"}
{"connection":"audio-worker","error":"getaddrinfo ENOTFOUND redis-19908.c325.us-east-1-4.ec2.cloud.redislabs.com","level":"error","message":"BullMQ Redis connection error","timestamp":"2026-05-11T05:28:05.738Z"}
{"connection":"recommendation-worker","error":"getaddrinfo ENOTFOUND redis-19908.c325.us-east-1-4.ec2.cloud.redislabs.com","level":"error","message":"BullMQ Redis connection error","timestamp":"2026-05-11T05:28:05.811Z"}
{"connection":"analytics-worker","error":"getaddrinfo ENOTFOUND redis-19908.c325.us-east-1-4.ec2.cloud.redislabs.com","level":"error","message":"BullMQ Redis connection error","timestamp":"2026-05-11T05:28:05.873Z"}
{"error":"getaddrinfo ENOTFOUND redis-19908.c325.us-east-1-4.ec2.cloud.redislabs.com","level":"error","message":"Redis client error","timestamp":"2026-05-11T05:28:05.942Z"}
{"connection":"activity-worker","error":"connect ETIMEDOUT","level":"error","message":"BullMQ Redis connection error","timestamp":"2026-05-11T05:28:11.501Z"}
{"error":"Connection timeout","level":"error","message":"Redis client error","timestamp":"2026-05-11T05:28:11.619Z"}
{"connection":"analytics-worker","error":"connect ETIMEDOUT","level":"error","message":"BullMQ Redis connection error","timestamp":"2026-05-11T05:28:12.245Z"}
{"connection":"recommendation-worker","error":"connect ETIMEDOUT","level":"error","message":"BullMQ Redis connection error","timestamp":"2026-05-11T05:28:12.482Z"}
{"connection":"audio-worker","error":"connect ETIMEDOUT","level":"error","message":"BullMQ Redis connection error","timestamp":"2026-05-11T05:28:12.633Z"}
{"connection":"notification-worker","error":"connect ETIMEDOUT","level":"error","message":"BullMQ Redis connection error","timestamp":"2026-05-11T05:28:12.738Z"}
{"error":"Connection timeout","level":"error","message":"Redis client error","timestamp":"2026-05-11T05:28:18.569Z"}
{"connection":"activity-worker","error":"connect ETIMEDOUT","level":"error","message":"BullMQ Redis connection error","timestamp":"2026-05-11T05:28:18.576Z"}
{"connection":"notification-worker","error":"connect ETIMEDOUT","level":"error","message":"BullMQ Redis connection error","timestamp":"2026-05-11T05:28:19.521Z"}
{"connection":"audio-worker","error":"connect ETIMEDOUT","level":"error","message":"BullMQ Redis connection error","timestamp":"2026-05-11T05:28:19.534Z"}
{"connection":"recommendation-worker","error":"connect ETIMEDOUT","level":"error","message":"BullMQ Redis connection error","timestamp":"2026-05-11T05:28:19.546Z"}
{"connection":"analytics-worker","error":"connect ETIMEDOUT","level":"error","message":"BullMQ Redis connection error","timestamp":"2026-05-11T05:28:19.554Z"}
{"error":"Connection timeout","level":"error","message":"Redis client error","timestamp":"2026-05-11T05:28:25.105Z"}
{"connection":"activity-worker","error":"connect ETIMEDOUT","level":"error","message":"BullMQ Redis connection error","timestamp":"2026-05-11T05:28:25.626Z"}
{"connection":"analytics-worker","error":"connect ETIMEDOUT","level":"error","message":"BullMQ Redis connection error","timestamp":"2026-05-11T05:28:26.579Z"}
{"connection":"recommendation-worker","error":"connect ETIMEDOUT","level":"error","message":"BullMQ Redis connection error","timestamp":"2026-05-11T05:28:26.621Z"}
{"connection":"audio-worker","error":"connect ETIMEDOUT","level":"error","message":"BullMQ Redis connection error","timestamp":"2026-05-11T05:28:26.669Z"}
{"connection":"notification-worker","error":"connect ETIMEDOUT","level":"error","message":"BullMQ Redis connection error","timestamp":"2026-05-11T05:28:26.702Z"}
{"error":"Connection timeout","level":"error","message":"Redis client error","timestamp":"2026-05-11T05:28:32.246Z"}
{"connection":"activity-worker","error":"connect ETIMEDOUT","level":"error","message":"BullMQ Redis connection error","timestamp":"2026-05-11T05:28:33.229Z"}
{"connection":"notification-worker","error":"connect ETIMEDOUT","level":"error","message":"BullMQ Redis connection error","timestamp":"2026-05-11T05:28:34.296Z"}
{"connection":"audio-worker","error":"connect ETIMEDOUT","level":"error","message":"BullMQ Redis connection error","timestamp":"2026-05-11T05:28:34.300Z"}
{"connection":"recommendation-worker","error":"connect ETIMEDOUT","level":"error","message":"BullMQ Redis connection error","timestamp":"2026-05-11T05:28:34.303Z"}
{"connection":"analytics-worker","error":"connect ETIMEDOUT","level":"error","message":"BullMQ Redis connection error","timestamp":"2026-05-11T05:28:34.306Z"}
{"level":"error","message":"Redis retry limit reached","retries":6,"timestamp":"2026-05-11T05:28:39.758Z"}
{"error":"Connection timeout","level":"error","message":"Redis client error","timestamp":"2026-05-11T05:28:39.760Z"}
{"error":"ENOENT: no such file or directory, scandir 'D:\\desktop\\Back\\Spotify-Clone\\Backend\\src\\uploads\\temp'","level":"error","message":"Cleanup failed","timestamp":"2026-05-11T05:30:00.189Z"}
{"error":"ENOENT: no such file or directory, scandir 'D:\\desktop\\Back\\Spotify-Clone\\Backend\\src\\uploads\\temp'","level":"error","message":"Cleanup failed","timestamp":"2026-05-11T06:30:00.093Z"}
{"level":"error","message":"Unexpected field","method":"POST","requestId":"565ed548-6d59-4057-b18b-fd332cff1789","stack":"MulterError: Unexpected field\n    at wrappedFileFilter (D:\\desktop\\Back\\Spotify-Clone\\Backend\\node_modules\\multer\\index.js:41:19)\n    at Multipart.<anonymous> (D:\\desktop\\Back\\Spotify-Clone\\Backend\\node_modules\\multer\\lib\\make-middleware.js:183:7)\n    at Multipart.emit (node:events:507:28)\n    at HeaderParser.cb (D:\\desktop\\Back\\Spotify-Clone\\Backend\\node_modules\\busboy\\lib\\types\\multipart.js:358:14)\n    at HeaderParser.push (D:\\desktop\\Back\\Spotify-Clone\\Backend\\node_modules\\busboy\\lib\\types\\multipart.js:162:20)\n    at SBMH.ssCb [as _cb] (D:\\desktop\\Back\\Spotify-Clone\\Backend\\node_modules\\busboy\\lib\\types\\multipart.js:394:37)\n    at feed (D:\\desktop\\Back\\Spotify-Clone\\Backend\\node_modules\\streamsearch\\lib\\sbmh.js:200:10)\n    at SBMH.push (D:\\desktop\\Back\\Spotify-Clone\\Backend\\node_modules\\streamsearch\\lib\\sbmh.js:104:16)\n    at Multipart._write (D:\\desktop\\Back\\Spotify-Clone\\Backend\\node_modules\\busboy\\lib\\types\\multipart.js:567:19)\n    at writeOrBuffer (node:internal/streams/writable:570:12)","statusCode":500,"timestamp":"2026-05-11T07:00:29.793Z","url":"/api/music/upload"}
{"level":"error","message":"language override unsupported: Hindi","method":"POST","requestId":"cd9bf730-ab0b-4c20-aa59-f4c923f140fa","stack":"MongoServerError: language override unsupported: Hindi\n    at InsertOneOperation.handleOk (D:\\desktop\\Back\\Spotify-Clone\\Backend\\node_modules\\mongodb\\lib\\operations\\insert.js:51:19)\n    at executeOperationWithRetries (D:\\desktop\\Back\\Spotify-Clone\\Backend\\node_modules\\mongodb\\lib\\operations\\execute_operation.js:194:34)\n    at process.processTicksAndRejections (node:internal/process/task_queues:105:5)\n    at async executeOperation (D:\\desktop\\Back\\Spotify-Clone\\Backend\\node_modules\\mongodb\\lib\\operations\\execute_operation.js:83:16)\n    at async Collection.insertOne (D:\\desktop\\Back\\Spotify-Clone\\Backend\\node_modules\\mongodb\\lib\\collection.js:154:16)\n    at async model.$__save (D:\\desktop\\Back\\Spotify-Clone\\Backend\\node_modules\\mongoose\\lib\\model.js:428:16)\n    at async model.save (D:\\desktop\\Back\\Spotify-Clone\\Backend\\node_modules\\mongoose\\lib\\model.js:667:5)\n    at async model.create (D:\\desktop\\Back\\Spotify-Clone\\Backend\\node_modules\\mongoose\\lib\\model.js:2747:5)\n    at async D:\\desktop\\Back\\Spotify-Clone\\Backend\\src\\controllers\\music.controller.js:40:17","statusCode":500,"timestamp":"2026-05-11T07:02:49.856Z","url":"/api/music/upload"}
{"connection":"analytics-worker","error":"read ECONNRESET","level":"error","message":"BullMQ Redis connection error","timestamp":"2026-05-11T07:11:04.918Z"}
{"connection":"notification-worker","error":"read ECONNRESET","level":"error","message":"BullMQ Redis connection error","timestamp":"2026-05-11T07:11:05.128Z"}
{"connection":"activity-worker","error":"read ECONNRESET","level":"error","message":"BullMQ Redis connection error","timestamp":"2026-05-11T07:11:05.255Z"}
{"connection":"audio-worker","error":"read ECONNRESET","level":"error","message":"BullMQ Redis connection error","timestamp":"2026-05-11T07:11:05.399Z"}
{"error":"read ECONNRESET","level":"error","message":"Redis client error","timestamp":"2026-05-11T07:11:05.606Z"}
{"connection":"recommendation-worker","error":"read ECONNRESET","level":"error","message":"BullMQ Redis connection error","timestamp":"2026-05-11T07:11:08.668Z"}
{"error":"ENOENT: no such file or directory, scandir 'D:\\desktop\\Back\\Spotify-Clone\\Backend\\src\\uploads\\temp'","level":"error","message":"Cleanup failed","timestamp":"2026-05-11T07:30:00.113Z"}
{"level":"error","message":"listen EADDRINUSE: address already in use :::3000","stack":"Error: listen EADDRINUSE: address already in use :::3000\n    at Server.setupListenHandle [as _listen2] (node:net:1940:16)\n    at listenInCluster (node:net:1997:12)\n    at Server.listen (node:net:2102:7)\n    at startServer (D:\\desktop\\Back\\Spotify-Clone\\Backend\\server.js:88:12)\n    at process.processTicksAndRejections (node:internal/process/task_queues:105:5)","timestamp":"2026-05-11T07:44:41.333Z","type":"UNCAUGHT_EXCEPTION"}
{"error":"read ECONNRESET","level":"error","message":"Redis client error","timestamp":"2026-05-11T08:03:29.930Z"}
{"connection":"analytics-worker","error":"read ECONNRESET","level":"error","message":"BullMQ Redis connection error","timestamp":"2026-05-11T08:03:33.993Z"}
{"connection":"audio-worker","error":"read ECONNRESET","level":"error","message":"BullMQ Redis connection error","timestamp":"2026-05-11T08:03:34.458Z"}
{"connection":"recommendation-worker","error":"read ECONNRESET","level":"error","message":"BullMQ Redis connection error","timestamp":"2026-05-11T08:03:34.464Z"}
{"connection":"activity-worker","error":"read ECONNRESET","level":"error","message":"BullMQ Redis connection error","timestamp":"2026-05-11T08:03:35.193Z"}
{"connection":"notification-worker","error":"read ECONNRESET","level":"error","message":"BullMQ Redis connection error","timestamp":"2026-05-11T08:03:36.678Z"}
{"error":"50490000:error:0A0000C6:SSL routines:tls_get_more_records:packet length too long:openssl\\ssl\\record\\methods\\tls_common.c:663:\n","level":"error","message":"Redis client error","timestamp":"2026-05-11T08:13:48.716Z"}
{"error":"50490000:error:0A0000C6:SSL routines:tls_get_more_records:packet length too long:openssl\\ssl\\record\\methods\\tls_common.c:663:\n","level":"error","message":"Redis client error","timestamp":"2026-05-11T08:13:49.320Z"}
{"error":"50490000:error:0A0000C6:SSL routines:tls_get_more_records:packet length too long:openssl\\ssl\\record\\methods\\tls_common.c:663:\n","level":"error","message":"Redis client error","timestamp":"2026-05-11T08:13:50.533Z"}
{"error":"50490000:error:0A0000C6:SSL routines:tls_get_more_records:packet length too long:openssl\\ssl\\record\\methods\\tls_common.c:663:\n","level":"error","message":"Redis client error","timestamp":"2026-05-11T08:13:52.143Z"}
{"level":"error","message":"Cannot destructure property 'username' of 'req.body' as it is undefined.","method":"POST","requestId":"b7b4572a-f8e2-40e6-8ec7-0de5c403d4ca","stack":"TypeError: Cannot destructure property 'username' of 'req.body' as it is undefined.\n    at D:\\desktop\\Back\\Spotify-Clone\\Backend\\src\\controllers\\auth.controller.js:116:11\n    at D:\\desktop\\Back\\Spotify-Clone\\Backend\\src\\utils\\asyncHandler.js:2:19\n    at Layer.handleRequest (D:\\desktop\\Back\\Spotify-Clone\\Backend\\node_modules\\router\\lib\\layer.js:152:17)\n    at next (D:\\desktop\\Back\\Spotify-Clone\\Backend\\node_modules\\router\\lib\\route.js:157:13)\n    at Route.dispatch (D:\\desktop\\Back\\Spotify-Clone\\Backend\\node_modules\\router\\lib\\route.js:117:3)\n    at handle (D:\\desktop\\Back\\Spotify-Clone\\Backend\\node_modules\\router\\index.js:435:11)\n    at Layer.handleRequest (D:\\desktop\\Back\\Spotify-Clone\\Backend\\node_modules\\router\\lib\\layer.js:152:17)\n    at D:\\desktop\\Back\\Spotify-Clone\\Backend\\node_modules\\router\\index.js:295:15\n    at processParams (D:\\desktop\\Back\\Spotify-Clone\\Backend\\node_modules\\router\\index.js:582:12)\n    at next (D:\\desktop\\Back\\Spotify-Clone\\Backend\\node_modules\\router\\index.js:291:5)","statusCode":500,"timestamp":"2026-05-11T08:31:43.370Z","url":"/api/auth/login"}
{"level":"error","message":"Illegal arguments: undefined, string","method":"POST","requestId":"2cd7de38-8cb8-477f-8fd2-9bb5a38c1c29","stack":"Error: Illegal arguments: undefined, string\n    at _async (D:\\desktop\\Back\\Spotify-Clone\\Backend\\node_modules\\bcryptjs\\umd\\index.js:305:15)\n    at D:\\desktop\\Back\\Spotify-Clone\\Backend\\node_modules\\bcryptjs\\umd\\index.js:335:11\n    at new Promise (<anonymous>)\n    at Object.compare (D:\\desktop\\Back\\Spotify-Clone\\Backend\\node_modules\\bcryptjs\\umd\\index.js:334:16)\n    at D:\\desktop\\Back\\Spotify-Clone\\Backend\\src\\controllers\\auth.controller.js:137:32\n    at process.processTicksAndRejections (node:internal/process/task_queues:105:5)","statusCode":500,"timestamp":"2026-05-11T08:32:00.584Z","url":"/api/auth/login"}
{"error":"read ECONNRESET","level":"error","message":"Redis client error","timestamp":"2026-05-11T08:34:35.754Z"}
{"level":"error","message":"Request timed out.","method":"POST","requestId":"8a779af8-1ecc-4372-aa80-365550f3af6d","stack":"Error: Request timed out.\n    at ImageKit.makeRequest (D:\\desktop\\Back\\Spotify-Clone\\Backend\\node_modules\\@imagekit\\nodejs\\client.js:258:23)\n    at process.processTicksAndRejections (node:internal/process/task_queues:105:5)\n    at async uploadFile (D:\\desktop\\Back\\Spotify-Clone\\Backend\\src\\service\\storage.service.js:21:18)\n    at async D:\\desktop\\Back\\Spotify-Clone\\Backend\\src\\controllers\\music.controller.js:46:7","statusCode":500,"timestamp":"2026-05-11T08:34:53.695Z","url":"/api/music/upload"}
{"error":"getaddrinfo ENOTFOUND redis-14069.crce292.ap-south-1-2.ec2.cloud.redislabs.com","level":"error","message":"Redis client error","timestamp":"2026-05-11T08:34:53.998Z"}
{"error":"getaddrinfo ENOTFOUND redis-14069.crce292.ap-south-1-2.ec2.cloud.redislabs.com","level":"error","message":"Redis client error","timestamp":"2026-05-11T08:35:05.428Z"}
{"level":"error","message":"Request timed out.","method":"POST","requestId":"85882edb-9490-4fc5-afb8-19756c8edd5d","stack":"Error: Request timed out.\n    at ImageKit.makeRequest (D:\\desktop\\Back\\Spotify-Clone\\Backend\\node_modules\\@imagekit\\nodejs\\client.js:258:23)\n    at process.processTicksAndRejections (node:internal/process/task_queues:105:5)\n    at async uploadFile (D:\\desktop\\Back\\Spotify-Clone\\Backend\\src\\service\\storage.service.js:21:18)\n    at async D:\\desktop\\Back\\Spotify-Clone\\Backend\\src\\controllers\\music.controller.js:46:7","statusCode":500,"timestamp":"2026-05-11T08:35:11.233Z","url":"/api/music/upload"}
{"error":"getaddrinfo ENOTFOUND redis-14069.crce292.ap-south-1-2.ec2.cloud.redislabs.com","level":"error","message":"Redis client error","timestamp":"2026-05-11T08:35:17.350Z"}
{"error":"Connection timeout","level":"error","message":"Redis client error","timestamp":"2026-05-11T08:35:38.382Z"}
{"level":"error","message":"Request timed out.","method":"POST","requestId":"8f041784-9bf8-459a-99e5-089df1a1d5d6","stack":"Error: Request timed out.\n    at ImageKit.makeRequest (D:\\desktop\\Back\\Spotify-Clone\\Backend\\node_modules\\@imagekit\\nodejs\\client.js:258:23)\n    at process.processTicksAndRejections (node:internal/process/task_queues:105:5)\n    at async uploadFile (D:\\desktop\\Back\\Spotify-Clone\\Backend\\src\\service\\storage.service.js:21:18)\n    at async D:\\desktop\\Back\\Spotify-Clone\\Backend\\src\\controllers\\music.controller.js:46:7","statusCode":500,"timestamp":"2026-05-11T08:35:49.392Z","url":"/api/music/upload"}
{"error":"Connection timeout","level":"error","message":"Redis client error","timestamp":"2026-05-11T08:35:59.887Z"}
{"error":"read ECONNRESET","level":"error","message":"Redis client error","timestamp":"2026-05-11T08:52:58.641Z"}
{"error":"getaddrinfo ENOTFOUND redis-14069.crce292.ap-south-1-2.ec2.cloud.redislabs.com","level":"error","message":"Redis client error","timestamp":"2026-05-11T08:52:58.647Z"}
{"error":"getaddrinfo ENOTFOUND redis-14069.crce292.ap-south-1-2.ec2.cloud.redislabs.com","level":"error","message":"Redis client error","timestamp":"2026-05-11T08:52:58.653Z"}
{"error":"getaddrinfo ENOTFOUND redis-14069.crce292.ap-south-1-2.ec2.cloud.redislabs.com","level":"error","message":"Redis client error","timestamp":"2026-05-11T08:52:59.162Z"}
{"connection":"recommendation-worker","error":"read ECONNRESET","level":"error","message":"BullMQ Redis error","timestamp":"2026-05-11T08:53:03.759Z"}
{"connection":"analytics-worker","error":"read ECONNRESET","level":"error","message":"BullMQ Redis error","timestamp":"2026-05-11T08:53:03.967Z"}
{"connection":"notification-worker","error":"read ECONNRESET","level":"error","message":"BullMQ Redis error","timestamp":"2026-05-11T08:53:04.048Z"}
{"connection":"activity-worker","error":"read ECONNRESET","level":"error","message":"BullMQ Redis error","timestamp":"2026-05-11T08:53:04.100Z"}
{"connection":"audio-worker","error":"read ECONNRESET","level":"error","message":"BullMQ Redis error","timestamp":"2026-05-11T08:53:04.146Z"}
{"error":"read ECONNRESET","level":"error","message":"Redis client error","timestamp":"2026-05-11T08:53:25.784Z"}
{"error":"read ECONNRESET","level":"error","message":"Redis client error","timestamp":"2026-05-11T09:43:31.823Z"}
{"connection":"analytics-worker","error":"read ECONNRESET","level":"error","message":"BullMQ Redis error","timestamp":"2026-05-11T09:43:42.098Z"}
{"connection":"activity-worker","error":"read ECONNRESET","level":"error","message":"BullMQ Redis error","timestamp":"2026-05-11T09:43:42.254Z"}
{"connection":"recommendation-worker","error":"read ECONNRESET","level":"error","message":"BullMQ Redis error","timestamp":"2026-05-11T09:43:42.868Z"}
{"connection":"audio-worker","error":"read ECONNRESET","level":"error","message":"BullMQ Redis error","timestamp":"2026-05-11T09:43:48.425Z"}
{"connection":"notification-worker","error":"read ECONNRESET","level":"error","message":"BullMQ Redis error","timestamp":"2026-05-11T09:44:08.264Z"}
{"connection":"audio-worker","error":"read ECONNRESET","level":"error","message":"BullMQ Redis error","timestamp":"2026-05-11T09:44:55.106Z"}
{"connection":"activity-worker","error":"read ECONNRESET","level":"error","message":"BullMQ Redis error","timestamp":"2026-05-11T09:44:55.151Z"}
{"connection":"analytics-worker","error":"read ECONNRESET","level":"error","message":"BullMQ Redis error","timestamp":"2026-05-11T09:44:55.332Z"}
{"connection":"notification-worker","error":"read ECONNRESET","level":"error","message":"BullMQ Redis error","timestamp":"2026-05-11T09:44:55.481Z"}
{"error":"read ECONNRESET","level":"error","message":"Redis client error","timestamp":"2026-05-11T09:44:55.604Z"}
{"connection":"recommendation-worker","error":"read ECONNRESET","level":"error","message":"BullMQ Redis error","timestamp":"2026-05-11T09:44:55.938Z"}
{"error":"Upload timeout","level":"error","message":"ImageKit upload failed","timestamp":"2026-05-11T09:57:15.925Z"}
{"level":"error","message":"File upload failed","method":"POST","requestId":"8665c6d9-5e2f-49f6-bf82-9a6fdc237c14","stack":"Error: File upload failed\n    at uploadFile (D:\\desktop\\Back\\Spotify-Clone\\Backend\\src\\service\\storage.service.js:102:13)\n    at async D:\\desktop\\Back\\Spotify-Clone\\Backend\\src\\controllers\\music.controller.js:46:7","statusCode":500,"timestamp":"2026-05-11T09:57:15.926Z","url":"/api/music/upload"}
{"error":"Upload timeout","level":"error","message":"ImageKit upload failed","timestamp":"2026-05-11T10:07:10.620Z"}
{"level":"error","message":"File upload failed","method":"POST","requestId":"915746ae-d26d-475b-879e-ab817533e3a8","stack":"Error: File upload failed\n    at uploadFile (D:\\desktop\\Back\\Spotify-Clone\\Backend\\src\\service\\storage.service.js:102:13)\n    at runNextTicks (node:internal/process/task_queues:65:5)\n    at process.processTimers (node:internal/timers:540:9)\n    at async D:\\desktop\\Back\\Spotify-Clone\\Backend\\src\\controllers\\music.controller.js:46:7","statusCode":500,"timestamp":"2026-05-11T10:07:10.629Z","url":"/api/music/upload"}
{"error":"Upload timeout","level":"error","message":"ImageKit upload failed","timestamp":"2026-05-11T10:07:31.954Z"}
{"level":"error","message":"File upload failed","method":"POST","requestId":"18eb5176-9817-48e1-b5b9-92678b3fdabf","stack":"Error: File upload failed\n    at uploadFile (D:\\desktop\\Back\\Spotify-Clone\\Backend\\src\\service\\storage.service.js:102:13)\n    at async D:\\desktop\\Back\\Spotify-Clone\\Backend\\src\\controllers\\music.controller.js:46:7","statusCode":500,"timestamp":"2026-05-11T10:07:31.954Z","url":"/api/music/upload"}
{"error":"read ECONNRESET","level":"error","message":"Redis client error","timestamp":"2026-05-11T10:20:37.452Z"}
{"connection":"activity-worker","error":"read ECONNRESET","level":"error","message":"BullMQ Redis error","timestamp":"2026-05-11T10:20:44.829Z"}
{"connection":"audio-worker","error":"read ECONNRESET","level":"error","message":"BullMQ Redis error","timestamp":"2026-05-11T10:20:44.832Z"}
{"connection":"analytics-worker","error":"read ECONNRESET","level":"error","message":"BullMQ Redis error","timestamp":"2026-05-11T10:20:44.891Z"}
{"error":"getaddrinfo ENOTFOUND redis-14069.crce292.ap-south-1-2.ec2.cloud.redislabs.com","level":"error","message":"Redis client error","timestamp":"2026-05-11T10:20:48.744Z"}
{"connection":"audio-worker","error":"getaddrinfo ENOTFOUND redis-14069.crce292.ap-south-1-2.ec2.cloud.redislabs.com","level":"error","message":"BullMQ Redis error","timestamp":"2026-05-11T10:20:48.745Z"}
{"connection":"analytics-worker","error":"getaddrinfo ENOTFOUND redis-14069.crce292.ap-south-1-2.ec2.cloud.redislabs.com","level":"error","message":"BullMQ Redis error","timestamp":"2026-05-11T10:20:48.746Z"}
{"connection":"activity-worker","error":"getaddrinfo ENOTFOUND redis-14069.crce292.ap-south-1-2.ec2.cloud.redislabs.com","level":"error","message":"BullMQ Redis error","timestamp":"2026-05-11T10:20:48.747Z"}
{"error":"getaddrinfo ENOTFOUND redis-14069.crce292.ap-south-1-2.ec2.cloud.redislabs.com","level":"error","message":"Redis client error","timestamp":"2026-05-11T10:20:48.749Z"}
{"error":"getaddrinfo ENOTFOUND redis-14069.crce292.ap-south-1-2.ec2.cloud.redislabs.com","level":"error","message":"Redis client error","timestamp":"2026-05-11T10:20:49.261Z"}
{"error":"getaddrinfo ENOTFOUND redis-14069.crce292.ap-south-1-2.ec2.cloud.redislabs.com","level":"error","message":"Redis client error","timestamp":"2026-05-11T10:20:50.270Z"}
{"connection":"activity-worker","error":"getaddrinfo ENOTFOUND redis-14069.crce292.ap-south-1-2.ec2.cloud.redislabs.com","level":"error","message":"BullMQ Redis error","timestamp":"2026-05-11T10:20:50.755Z"}
{"connection":"analytics-worker","error":"getaddrinfo ENOTFOUND redis-14069.crce292.ap-south-1-2.ec2.cloud.redislabs.com","level":"error","message":"BullMQ Redis error","timestamp":"2026-05-11T10:20:50.756Z"}
{"connection":"audio-worker","error":"getaddrinfo ENOTFOUND redis-14069.crce292.ap-south-1-2.ec2.cloud.redislabs.com","level":"error","message":"BullMQ Redis error","timestamp":"2026-05-11T10:20:50.758Z"}
{"connection":"recommendation-worker","error":"read ECONNRESET","level":"error","message":"BullMQ Redis error","timestamp":"2026-05-11T10:20:50.785Z"}
{"connection":"notification-worker","error":"read ECONNRESET","level":"error","message":"BullMQ Redis error","timestamp":"2026-05-11T10:20:51.706Z"}
{"error":"getaddrinfo ENOTFOUND redis-14069.crce292.ap-south-1-2.ec2.cloud.redislabs.com","level":"error","message":"Redis client error","timestamp":"2026-05-11T10:20:51.786Z"}
{"connection":"recommendation-worker","error":"getaddrinfo ENOTFOUND redis-14069.crce292.ap-south-1-2.ec2.cloud.redislabs.com","level":"error","message":"BullMQ Redis error","timestamp":"2026-05-11T10:20:51.788Z"}
{"connection":"notification-worker","error":"getaddrinfo ENOTFOUND redis-14069.crce292.ap-south-1-2.ec2.cloud.redislabs.com","level":"error","message":"BullMQ Redis error","timestamp":"2026-05-11T10:20:52.730Z"}
{"connection":"activity-worker","error":"getaddrinfo ENOTFOUND redis-14069.crce292.ap-south-1-2.ec2.cloud.redislabs.com","level":"error","message":"BullMQ Redis error","timestamp":"2026-05-11T10:21:00.049Z"}
{"connection":"analytics-worker","error":"getaddrinfo ENOTFOUND redis-14069.crce292.ap-south-1-2.ec2.cloud.redislabs.com","level":"error","message":"BullMQ Redis error","timestamp":"2026-05-11T10:21:00.051Z"}
{"connection":"audio-worker","error":"getaddrinfo ENOTFOUND redis-14069.crce292.ap-south-1-2.ec2.cloud.redislabs.com","level":"error","message":"BullMQ Redis error","timestamp":"2026-05-11T10:21:00.054Z"}
{"connection":"recommendation-worker","error":"getaddrinfo ENOTFOUND redis-14069.crce292.ap-south-1-2.ec2.cloud.redislabs.com","level":"error","message":"BullMQ Redis error","timestamp":"2026-05-11T10:21:00.056Z"}
{"error":"getaddrinfo ENOTFOUND redis-14069.crce292.ap-south-1-2.ec2.cloud.redislabs.com","level":"error","message":"Redis client error","timestamp":"2026-05-11T10:21:00.062Z"}
{"connection":"notification-worker","error":"getaddrinfo ENOTFOUND redis-14069.crce292.ap-south-1-2.ec2.cloud.redislabs.com","level":"error","message":"BullMQ Redis error","timestamp":"2026-05-11T10:21:00.066Z"}
{"error":"getaddrinfo ENOTFOUND redis-14069.crce292.ap-south-1-2.ec2.cloud.redislabs.com","level":"error","message":"Redis client error","timestamp":"2026-05-11T10:21:02.577Z"}
{"connection":"notification-worker","error":"getaddrinfo ENOTFOUND redis-14069.crce292.ap-south-1-2.ec2.cloud.redislabs.com","level":"error","message":"BullMQ Redis error","timestamp":"2026-05-11T10:21:03.075Z"}
{"connection":"recommendation-worker","error":"getaddrinfo ENOTFOUND redis-14069.crce292.ap-south-1-2.ec2.cloud.redislabs.com","level":"error","message":"BullMQ Redis error","timestamp":"2026-05-11T10:21:03.077Z"}
{"connection":"audio-worker","error":"getaddrinfo ENOTFOUND redis-14069.crce292.ap-south-1-2.ec2.cloud.redislabs.com","level":"error","message":"BullMQ Redis error","timestamp":"2026-05-11T10:21:04.080Z"}
{"connection":"analytics-worker","error":"getaddrinfo ENOTFOUND redis-14069.crce292.ap-south-1-2.ec2.cloud.redislabs.com","level":"error","message":"BullMQ Redis error","timestamp":"2026-05-11T10:21:04.083Z"}
{"connection":"activity-worker","error":"getaddrinfo ENOTFOUND redis-14069.crce292.ap-south-1-2.ec2.cloud.redislabs.com","level":"error","message":"BullMQ Redis error","timestamp":"2026-05-11T10:21:04.088Z"}
{"error":"getaddrinfo ENOTFOUND redis-14069.crce292.ap-south-1-2.ec2.cloud.redislabs.com","level":"error","message":"Redis client error","timestamp":"2026-05-11T10:21:11.357Z"}
{"connection":"notification-worker","error":"getaddrinfo ENOTFOUND redis-14069.crce292.ap-south-1-2.ec2.cloud.redislabs.com","level":"error","message":"BullMQ Redis error","timestamp":"2026-05-11T10:21:11.358Z"}
{"connection":"recommendation-worker","error":"getaddrinfo ENOTFOUND redis-14069.crce292.ap-south-1-2.ec2.cloud.redislabs.com","level":"error","message":"BullMQ Redis error","timestamp":"2026-05-11T10:21:11.359Z"}
{"connection":"analytics-worker","error":"getaddrinfo ENOTFOUND redis-14069.crce292.ap-south-1-2.ec2.cloud.redislabs.com","level":"error","message":"BullMQ Redis error","timestamp":"2026-05-11T10:21:11.360Z"}
{"connection":"audio-worker","error":"getaddrinfo ENOTFOUND redis-14069.crce292.ap-south-1-2.ec2.cloud.redislabs.com","level":"error","message":"BullMQ Redis error","timestamp":"2026-05-11T10:21:11.361Z"}
{"connection":"activity-worker","error":"getaddrinfo ENOTFOUND redis-14069.crce292.ap-south-1-2.ec2.cloud.redislabs.com","level":"error","message":"BullMQ Redis error","timestamp":"2026-05-11T10:21:11.363Z"}
{"error":"getaddrinfo ENOTFOUND redis-14069.crce292.ap-south-1-2.ec2.cloud.redislabs.com","level":"error","message":"Redis client error","timestamp":"2026-05-11T10:21:14.367Z"}
{"level":"error","message":{"dbError":"MongoDB connection timed out"},"timestamp":"2026-05-11T10:26:00.038Z"}
{"level":"error","message":{"dbError":"MongoDB connection timed out"},"timestamp":"2026-05-11T10:26:43.327Z"}
{"level":"error","message":{"dbError":"MongoDB connection timed out"},"timestamp":"2026-05-11T10:28:18.583Z"}
{"level":"error","message":{"dbError":"MongoDB connection timed out"},"timestamp":"2026-05-11T10:28:54.671Z"}
{"level":"error","message":{"shutdownError":"closeBullMQConnections is not a function"},"timestamp":"2026-05-11T10:29:59.962Z"}
{"level":"error","message":"Cannot destructure property 'name' of 'req.body' as it is undefined.","method":"POST","requestId":"dcced361-844b-498a-b687-1c5348e031d1","stack":"TypeError: Cannot destructure property 'name' of 'req.body' as it is undefined.\n    at D:\\desktop\\Back\\Spotify-Clone\\Backend\\src\\controllers\\playlist.controller.js:5:10\n    at D:\\desktop\\Back\\Spotify-Clone\\Backend\\src\\utils\\asyncHandler.js:2:19\n    at Layer.handleRequest (D:\\desktop\\Back\\Spotify-Clone\\Backend\\node_modules\\router\\lib\\layer.js:152:17)\n    at next (D:\\desktop\\Back\\Spotify-Clone\\Backend\\node_modules\\router\\lib\\route.js:157:13)\n    at protect (D:\\desktop\\Back\\Spotify-Clone\\Backend\\src\\middlewares\\auth.middleware.js:37:14)\n    at Layer.handleRequest (D:\\desktop\\Back\\Spotify-Clone\\Backend\\node_modules\\router\\lib\\layer.js:152:17)\n    at next (D:\\desktop\\Back\\Spotify-Clone\\Backend\\node_modules\\router\\lib\\route.js:157:13)\n    at Route.dispatch (D:\\desktop\\Back\\Spotify-Clone\\Backend\\node_modules\\router\\lib\\route.js:117:3)\n    at handle (D:\\desktop\\Back\\Spotify-Clone\\Backend\\node_modules\\router\\index.js:435:11)\n    at Layer.handleRequest (D:\\desktop\\Back\\Spotify-Clone\\Backend\\node_modules\\router\\lib\\layer.js:152:17)","statusCode":500,"timestamp":"2026-05-11T10:38:11.223Z","url":"/api/playlists"}
{"level":"error","message":"Cannot destructure property 'songId' of 'req.body' as it is undefined.","method":"PUT","requestId":"ccf49ae2-20c0-469d-928e-440e518667b7","stack":"TypeError: Cannot destructure property 'songId' of 'req.body' as it is undefined.\n    at D:\\desktop\\Back\\Spotify-Clone\\Backend\\src\\controllers\\playlist.controller.js:18:10\n    at D:\\desktop\\Back\\Spotify-Clone\\Backend\\src\\utils\\asyncHandler.js:2:19\n    at Layer.handleRequest (D:\\desktop\\Back\\Spotify-Clone\\Backend\\node_modules\\router\\lib\\layer.js:152:17)\n    at next (D:\\desktop\\Back\\Spotify-Clone\\Backend\\node_modules\\router\\lib\\route.js:157:13)\n    at protect (D:\\desktop\\Back\\Spotify-Clone\\Backend\\src\\middlewares\\auth.middleware.js:37:14)\n    at Layer.handleRequest (D:\\desktop\\Back\\Spotify-Clone\\Backend\\node_modules\\router\\lib\\layer.js:152:17)\n    at next (D:\\desktop\\Back\\Spotify-Clone\\Backend\\node_modules\\router\\lib\\route.js:157:13)\n    at Route.dispatch (D:\\desktop\\Back\\Spotify-Clone\\Backend\\node_modules\\router\\lib\\route.js:117:3)\n    at handle (D:\\desktop\\Back\\Spotify-Clone\\Backend\\node_modules\\router\\index.js:435:11)\n    at Layer.handleRequest (D:\\desktop\\Back\\Spotify-Clone\\Backend\\node_modules\\router\\lib\\layer.js:152:17)","statusCode":500,"timestamp":"2026-05-11T10:39:47.803Z","url":"/api/playlists/add/yt-123"}
{"level":"error","message":"Cannot destructure property 'songId' of 'req.body' as it is undefined.","method":"PUT","requestId":"7c3f1b74-14f1-4dae-89f1-e6bd0b8d0845","stack":"TypeError: Cannot destructure property 'songId' of 'req.body' as it is undefined.\n    at D:\\desktop\\Back\\Spotify-Clone\\Backend\\src\\controllers\\playlist.controller.js:18:10\n    at D:\\desktop\\Back\\Spotify-Clone\\Backend\\src\\utils\\asyncHandler.js:2:19\n    at Layer.handleRequest (D:\\desktop\\Back\\Spotify-Clone\\Backend\\node_modules\\router\\lib\\layer.js:152:17)\n    at next (D:\\desktop\\Back\\Spotify-Clone\\Backend\\node_modules\\router\\lib\\route.js:157:13)\n    at protect (D:\\desktop\\Back\\Spotify-Clone\\Backend\\src\\middlewares\\auth.middleware.js:37:14)\n    at Layer.handleRequest (D:\\desktop\\Back\\Spotify-Clone\\Backend\\node_modules\\router\\lib\\layer.js:152:17)\n    at next (D:\\desktop\\Back\\Spotify-Clone\\Backend\\node_modules\\router\\lib\\route.js:157:13)\n    at Route.dispatch (D:\\desktop\\Back\\Spotify-Clone\\Backend\\node_modules\\router\\lib\\route.js:117:3)\n    at handle (D:\\desktop\\Back\\Spotify-Clone\\Backend\\node_modules\\router\\index.js:435:11)\n    at Layer.handleRequest (D:\\desktop\\Back\\Spotify-Clone\\Backend\\node_modules\\router\\lib\\layer.js:152:17)","statusCode":500,"timestamp":"2026-05-11T10:40:09.103Z","url":"/api/playlists/add/6a01b1a0edd9273313e1448a"}
{"level":"error","message":"Cannot destructure property 'songId' of 'req.body' as it is undefined.","method":"PUT","requestId":"92015a5d-b8d2-48da-8f03-850845ca9ad7","stack":"TypeError: Cannot destructure property 'songId' of 'req.body' as it is undefined.\n    at D:\\desktop\\Back\\Spotify-Clone\\Backend\\src\\controllers\\playlist.controller.js:18:10\n    at D:\\desktop\\Back\\Spotify-Clone\\Backend\\src\\utils\\asyncHandler.js:2:19\n    at Layer.handleRequest (D:\\desktop\\Back\\Spotify-Clone\\Backend\\node_modules\\router\\lib\\layer.js:152:17)\n    at next (D:\\desktop\\Back\\Spotify-Clone\\Backend\\node_modules\\router\\lib\\route.js:157:13)\n    at protect (D:\\desktop\\Back\\Spotify-Clone\\Backend\\src\\middlewares\\auth.middleware.js:37:14)\n    at Layer.handleRequest (D:\\desktop\\Back\\Spotify-Clone\\Backend\\node_modules\\router\\lib\\layer.js:152:17)\n    at next (D:\\desktop\\Back\\Spotify-Clone\\Backend\\node_modules\\router\\lib\\route.js:157:13)\n    at Route.dispatch (D:\\desktop\\Back\\Spotify-Clone\\Backend\\node_modules\\router\\lib\\route.js:117:3)\n    at handle (D:\\desktop\\Back\\Spotify-Clone\\Backend\\node_modules\\router\\index.js:435:11)\n    at Layer.handleRequest (D:\\desktop\\Back\\Spotify-Clone\\Backend\\node_modules\\router\\lib\\layer.js:152:17)","statusCode":500,"timestamp":"2026-05-11T10:40:42.426Z","url":"/api/playlists/add/6a01b1a0edd9273313e1448a"}
{"level":"error","message":"Cannot destructure property 'songId' of 'req.body' as it is undefined.","method":"PUT","requestId":"10201c92-0740-4e0b-b3ec-c054dba1959e","stack":"TypeError: Cannot destructure property 'songId' of 'req.body' as it is undefined.\n    at D:\\desktop\\Back\\Spotify-Clone\\Backend\\src\\controllers\\playlist.controller.js:18:10\n    at D:\\desktop\\Back\\Spotify-Clone\\Backend\\src\\utils\\asyncHandler.js:2:19\n    at Layer.handleRequest (D:\\desktop\\Back\\Spotify-Clone\\Backend\\node_modules\\router\\lib\\layer.js:152:17)\n    at next (D:\\desktop\\Back\\Spotify-Clone\\Backend\\node_modules\\router\\lib\\route.js:157:13)\n    at protect (D:\\desktop\\Back\\Spotify-Clone\\Backend\\src\\middlewares\\auth.middleware.js:37:14)\n    at Layer.handleRequest (D:\\desktop\\Back\\Spotify-Clone\\Backend\\node_modules\\router\\lib\\layer.js:152:17)\n    at next (D:\\desktop\\Back\\Spotify-Clone\\Backend\\node_modules\\router\\lib\\route.js:157:13)\n    at Route.dispatch (D:\\desktop\\Back\\Spotify-Clone\\Backend\\node_modules\\router\\lib\\route.js:117:3)\n    at handle (D:\\desktop\\Back\\Spotify-Clone\\Backend\\node_modules\\router\\index.js:435:11)\n    at Layer.handleRequest (D:\\desktop\\Back\\Spotify-Clone\\Backend\\node_modules\\router\\lib\\layer.js:152:17)","statusCode":500,"timestamp":"2026-05-11T10:40:44.468Z","url":"/api/playlists/add/6a01b1a0edd9273313e1448a"}
{"level":"error","message":"Cannot destructure property 'songId' of 'req.body' as it is undefined.","method":"PUT","requestId":"7b988bc7-5ad9-44cb-a54b-eca7fb7d1cb5","stack":"TypeError: Cannot destructure property 'songId' of 'req.body' as it is undefined.\n    at D:\\desktop\\Back\\Spotify-Clone\\Backend\\src\\controllers\\playlist.controller.js:18:10\n    at D:\\desktop\\Back\\Spotify-Clone\\Backend\\src\\utils\\asyncHandler.js:2:19\n    at Layer.handleRequest (D:\\desktop\\Back\\Spotify-Clone\\Backend\\node_modules\\router\\lib\\layer.js:152:17)\n    at next (D:\\desktop\\Back\\Spotify-Clone\\Backend\\node_modules\\router\\lib\\route.js:157:13)\n    at protect (D:\\desktop\\Back\\Spotify-Clone\\Backend\\src\\middlewares\\auth.middleware.js:37:14)\n    at Layer.handleRequest (D:\\desktop\\Back\\Spotify-Clone\\Backend\\node_modules\\router\\lib\\layer.js:152:17)\n    at next (D:\\desktop\\Back\\Spotify-Clone\\Backend\\node_modules\\router\\lib\\route.js:157:13)\n    at Route.dispatch (D:\\desktop\\Back\\Spotify-Clone\\Backend\\node_modules\\router\\lib\\route.js:117:3)\n    at handle (D:\\desktop\\Back\\Spotify-Clone\\Backend\\node_modules\\router\\index.js:435:11)\n    at Layer.handleRequest (D:\\desktop\\Back\\Spotify-Clone\\Backend\\node_modules\\router\\lib\\layer.js:152:17)","statusCode":500,"timestamp":"2026-05-11T10:41:10.480Z","url":"/api/playlists/add/6a00eed4e00209e892c51a45"}
{"level":"error","message":{"dbError":"MongoDB connection timed out"},"timestamp":"2026-05-11T10:47:19.703Z"}
{"level":"error","message":"Cannot destructure property 'songId' of 'req.body' as it is undefined.","method":"POST","requestId":"c2b321e5-e77f-45f4-9a51-bf113d47a399","stack":"TypeError: Cannot destructure property 'songId' of 'req.body' as it is undefined.\n    at D:\\desktop\\Back\\Spotify-Clone\\Backend\\src\\controllers\\activity.controller.js:11:11\n    at D:\\desktop\\Back\\Spotify-Clone\\Backend\\src\\utils\\asyncHandler.js:2:19\n    at Layer.handleRequest (D:\\desktop\\Back\\Spotify-Clone\\Backend\\node_modules\\router\\lib\\layer.js:152:17)\n    at next (D:\\desktop\\Back\\Spotify-Clone\\Backend\\node_modules\\router\\lib\\route.js:157:13)\n    at protect (D:\\desktop\\Back\\Spotify-Clone\\Backend\\src\\middlewares\\auth.middleware.js:37:14)\n    at Layer.handleRequest (D:\\desktop\\Back\\Spotify-Clone\\Backend\\node_modules\\router\\lib\\layer.js:152:17)\n    at next (D:\\desktop\\Back\\Spotify-Clone\\Backend\\node_modules\\router\\lib\\route.js:157:13)\n    at Route.dispatch (D:\\desktop\\Back\\Spotify-Clone\\Backend\\node_modules\\router\\lib\\route.js:117:3)\n    at handle (D:\\desktop\\Back\\Spotify-Clone\\Backend\\node_modules\\router\\index.js:435:11)\n    at Layer.handleRequest (D:\\desktop\\Back\\Spotify-Clone\\Backend\\node_modules\\router\\lib\\layer.js:152:17)","statusCode":500,"timestamp":"2026-05-11T11:15:20.057Z","url":"/api/activity"}
{"error":"activity validation failed: song: Cast to ObjectId failed for value \"yt-qpIdoaaPa6U\" (type string) at path \"song\"","jobId":"3","level":"error","message":"Activity job failed","timestamp":"2026-05-11T11:15:26.424Z"}
{"error":"activity validation failed: song: Cast to ObjectId failed for value \"yt-qpIdoaaPa6U\" (type string) at path \"song\"","jobId":"3","level":"error","message":"Activity job failed","timestamp":"2026-05-11T11:15:27.627Z"}
{"error":"activity validation failed: song: Cast to ObjectId failed for value \"yt-qpIdoaaPa6U\" (type string) at path \"song\"","jobId":"3","level":"error","message":"Activity job failed","timestamp":"2026-05-11T11:15:29.962Z"}
{"error":"activity validation failed: song: Cast to ObjectId failed for value \"yt-qpIdoaaPa6U\" (type string) at path \"song\"","jobId":"4","level":"error","message":"Activity job failed","timestamp":"2026-05-11T11:16:16.178Z"}
{"error":"activity validation failed: song: Cast to ObjectId failed for value \"yt-qpIdoaaPa6U\" (type string) at path \"song\"","jobId":"4","level":"error","message":"Activity job failed","timestamp":"2026-05-11T11:16:17.382Z"}
{"error":"activity validation failed: song: Cast to ObjectId failed for value \"yt-qpIdoaaPa6U\" (type string) at path \"song\"","jobId":"4","level":"error","message":"Activity job failed","timestamp":"2026-05-11T11:16:19.571Z"}
{"error":"ENOENT: no such file or directory, scandir 'D:\\desktop\\Back\\Spotify-Clone\\Backend\\src\\uploads\\temp'","level":"error","message":"Cleanup failed","timestamp":"2026-05-11T11:30:00.079Z"}
{"level":"error","message":"Cannot destructure property 'username' of 'req.body' as it is undefined.","method":"POST","requestId":"a44e3b89-92ca-4e4d-a338-e63efc65b86e","stack":"TypeError: Cannot destructure property 'username' of 'req.body' as it is undefined.\n    at D:\\desktop\\Back\\Spotify-Clone\\Backend\\src\\controllers\\auth.controller.js:40:11\n    at D:\\desktop\\Back\\Spotify-Clone\\Backend\\src\\utils\\asyncHandler.js:2:19\n    at Layer.handleRequest (D:\\desktop\\Back\\Spotify-Clone\\Backend\\node_modules\\router\\lib\\layer.js:152:17)\n    at next (D:\\desktop\\Back\\Spotify-Clone\\Backend\\node_modules\\router\\lib\\route.js:157:13)\n    at Route.dispatch (D:\\desktop\\Back\\Spotify-Clone\\Backend\\node_modules\\router\\lib\\route.js:117:3)\n    at handle (D:\\desktop\\Back\\Spotify-Clone\\Backend\\node_modules\\router\\index.js:435:11)\n    at Layer.handleRequest (D:\\desktop\\Back\\Spotify-Clone\\Backend\\node_modules\\router\\lib\\layer.js:152:17)\n    at D:\\desktop\\Back\\Spotify-Clone\\Backend\\node_modules\\router\\index.js:295:15\n    at processParams (D:\\desktop\\Back\\Spotify-Clone\\Backend\\node_modules\\router\\index.js:582:12)\n    at next (D:\\desktop\\Back\\Spotify-Clone\\Backend\\node_modules\\router\\index.js:291:5)","statusCode":500,"timestamp":"2026-05-11T11:35:29.424Z","url":"/api/auth/register"}
{"level":"error","message":"Cannot destructure property 'email' of 'req.body' as it is undefined.","method":"POST","requestId":"c3f8be14-b4b9-416b-8cca-cc744cad8073","stack":"TypeError: Cannot destructure property 'email' of 'req.body' as it is undefined.\n    at D:\\desktop\\Back\\Spotify-Clone\\Backend\\src\\controllers\\auth.controller.js:76:11\n    at D:\\desktop\\Back\\Spotify-Clone\\Backend\\src\\utils\\asyncHandler.js:2:19\n    at Layer.handleRequest (D:\\desktop\\Back\\Spotify-Clone\\Backend\\node_modules\\router\\lib\\layer.js:152:17)\n    at next (D:\\desktop\\Back\\Spotify-Clone\\Backend\\node_modules\\router\\lib\\route.js:157:13)\n    at Route.dispatch (D:\\desktop\\Back\\Spotify-Clone\\Backend\\node_modules\\router\\lib\\route.js:117:3)\n    at handle (D:\\desktop\\Back\\Spotify-Clone\\Backend\\node_modules\\router\\index.js:435:11)\n    at Layer.handleRequest (D:\\desktop\\Back\\Spotify-Clone\\Backend\\node_modules\\router\\lib\\layer.js:152:17)\n    at D:\\desktop\\Back\\Spotify-Clone\\Backend\\node_modules\\router\\index.js:295:15\n    at processParams (D:\\desktop\\Back\\Spotify-Clone\\Backend\\node_modules\\router\\index.js:582:12)\n    at next (D:\\desktop\\Back\\Spotify-Clone\\Backend\\node_modules\\router\\index.js:291:5)","statusCode":500,"timestamp":"2026-05-11T11:37:00.004Z","url":"/api/auth/verify-email"}
{"level":"error","message":"Cannot destructure property 'username' of 'req.body' as it is undefined.","method":"POST","requestId":"400f9ae0-826b-4664-b76d-80a28289bed1","stack":"TypeError: Cannot destructure property 'username' of 'req.body' as it is undefined.\n    at D:\\desktop\\Back\\Spotify-Clone\\Backend\\src\\controllers\\auth.controller.js:116:11\n    at D:\\desktop\\Back\\Spotify-Clone\\Backend\\src\\utils\\asyncHandler.js:2:19\n    at Layer.handleRequest (D:\\desktop\\Back\\Spotify-Clone\\Backend\\node_modules\\router\\lib\\layer.js:152:17)\n    at next (D:\\desktop\\Back\\Spotify-Clone\\Backend\\node_modules\\router\\lib\\route.js:157:13)\n    at Route.dispatch (D:\\desktop\\Back\\Spotify-Clone\\Backend\\node_modules\\router\\lib\\route.js:117:3)\n    at handle (D:\\desktop\\Back\\Spotify-Clone\\Backend\\node_modules\\router\\index.js:435:11)\n    at Layer.handleRequest (D:\\desktop\\Back\\Spotify-Clone\\Backend\\node_modules\\router\\lib\\layer.js:152:17)\n    at D:\\desktop\\Back\\Spotify-Clone\\Backend\\node_modules\\router\\index.js:295:15\n    at processParams (D:\\desktop\\Back\\Spotify-Clone\\Backend\\node_modules\\router\\index.js:582:12)\n    at next (D:\\desktop\\Back\\Spotify-Clone\\Backend\\node_modules\\router\\index.js:291:5)","statusCode":500,"timestamp":"2026-05-11T11:37:49.961Z","url":"/api/auth/login"}
{"level":"error","message":"Cannot destructure property 'username' of 'req.body' as it is undefined.","method":"POST","requestId":"b167ac88-0550-45c6-ad9f-06d515dfea9b","stack":"TypeError: Cannot destructure property 'username' of 'req.body' as it is undefined.\n    at D:\\desktop\\Back\\Spotify-Clone\\Backend\\src\\controllers\\auth.controller.js:116:11\n    at D:\\desktop\\Back\\Spotify-Clone\\Backend\\src\\utils\\asyncHandler.js:2:19\n    at Layer.handleRequest (D:\\desktop\\Back\\Spotify-Clone\\Backend\\node_modules\\router\\lib\\layer.js:152:17)\n    at next (D:\\desktop\\Back\\Spotify-Clone\\Backend\\node_modules\\router\\lib\\route.js:157:13)\n    at Route.dispatch (D:\\desktop\\Back\\Spotify-Clone\\Backend\\node_modules\\router\\lib\\route.js:117:3)\n    at handle (D:\\desktop\\Back\\Spotify-Clone\\Backend\\node_modules\\router\\index.js:435:11)\n    at Layer.handleRequest (D:\\desktop\\Back\\Spotify-Clone\\Backend\\node_modules\\router\\lib\\layer.js:152:17)\n    at D:\\desktop\\Back\\Spotify-Clone\\Backend\\node_modules\\router\\index.js:295:15\n    at processParams (D:\\desktop\\Back\\Spotify-Clone\\Backend\\node_modules\\router\\index.js:582:12)\n    at next (D:\\desktop\\Back\\Spotify-Clone\\Backend\\node_modules\\router\\index.js:291:5)","statusCode":500,"timestamp":"2026-05-11T11:52:47.524Z","url":"/api/auth/login"}
{"error":"ENOENT: no such file or directory, scandir 'D:\\desktop\\Back\\Spotify-Clone\\Backend\\src\\uploads\\temp'","level":"error","message":"Cleanup failed","timestamp":"2026-05-11T12:30:00.039Z"}
{"level":"error","message":{"stack":"D:\\desktop\\Back\\Spotify-Clone\\Backend\\src\\workers\\activity.worker.js:13\nconst{}\n     ^^\n\nSyntaxError: Missing initializer in destructuring declaration\n    at wrapSafe (node:internal/modules/cjs/loader:1669:18)\n    at Module._compile (node:internal/modules/cjs/loader:1712:20)\n    at Object..js (node:internal/modules/cjs/loader:1871:10)\n    at Module.load (node:internal/modules/cjs/loader:1470:32)\n    at Module._load (node:internal/modules/cjs/loader:1290:12)\n    at TracingChannel.traceSync (node:diagnostics_channel:322:14)\n    at wrapModuleLoad (node:internal/modules/cjs/loader:238:24)\n    at Module.require (node:internal/modules/cjs/loader:1493:12)\n    at require (node:internal/modules/helpers:152:16)\n    at startBackgroundSystems (D:\\desktop\\Back\\Spotify-Clone\\Backend\\server.js:17:7)","startupError":"Missing initializer in destructuring declaration"},"timestamp":"2026-05-11T12:35:17.735Z"}
{"error":"read ECONNRESET","level":"error","message":"Redis client error","timestamp":"2026-05-11T12:47:57.278Z"}
{"error":"getaddrinfo ENOTFOUND redis-14069.crce292.ap-south-1-2.ec2.cloud.redislabs.com","level":"error","message":"Redis client error","timestamp":"2026-05-11T12:48:04.894Z"}
{"error":"getaddrinfo ENOTFOUND redis-14069.crce292.ap-south-1-2.ec2.cloud.redislabs.com","level":"error","message":"Redis client error","timestamp":"2026-05-11T12:48:04.904Z"}
{"error":"getaddrinfo ENOTFOUND redis-14069.crce292.ap-south-1-2.ec2.cloud.redislabs.com","level":"error","message":"Redis client error","timestamp":"2026-05-11T12:48:05.412Z"}
{"connection":"audio-worker","error":"read ECONNRESET","level":"error","message":"BullMQ Redis error","timestamp":"2026-05-11T12:48:09.536Z"}
{"connection":"activity-worker","error":"read ECONNRESET","level":"error","message":"BullMQ Redis error","timestamp":"2026-05-11T12:48:09.914Z"}
{"connection":"notification-worker","error":"read ECONNRESET","level":"error","message":"BullMQ Redis error","timestamp":"2026-05-11T12:48:10.073Z"}
{"connection":"analytics-worker","error":"read ECONNRESET","level":"error","message":"BullMQ Redis error","timestamp":"2026-05-11T12:48:10.295Z"}
{"connection":"recommendation-worker","error":"read ECONNRESET","level":"error","message":"BullMQ Redis error","timestamp":"2026-05-11T12:48:10.385Z"}
{"error":"read ECONNRESET","level":"error","message":"Redis client error","timestamp":"2026-05-11T12:53:14.225Z"}
{"error":"getaddrinfo ENOTFOUND redis-14069.crce292.ap-south-1-2.ec2.cloud.redislabs.com","level":"error","message":"Redis client error","timestamp":"2026-05-11T12:53:19.883Z"}
{"error":"getaddrinfo ENOTFOUND redis-14069.crce292.ap-south-1-2.ec2.cloud.redislabs.com","level":"error","message":"Redis client error","timestamp":"2026-05-11T12:53:19.887Z"}
{"error":"getaddrinfo ENOTFOUND redis-14069.crce292.ap-south-1-2.ec2.cloud.redislabs.com","level":"error","message":"Redis client error","timestamp":"2026-05-11T12:53:20.393Z"}
{"error":"getaddrinfo ENOTFOUND redis-14069.crce292.ap-south-1-2.ec2.cloud.redislabs.com","level":"error","message":"Redis client error","timestamp":"2026-05-11T12:53:21.404Z"}
{"error":"getaddrinfo ENOTFOUND redis-14069.crce292.ap-south-1-2.ec2.cloud.redislabs.com","level":"error","message":"Redis client error","timestamp":"2026-05-11T12:53:22.921Z"}
{"connection":"recommendation-worker","error":"read ECONNRESET","level":"error","message":"BullMQ Redis error","timestamp":"2026-05-11T12:53:53.665Z"}
{"connection":"analytics-worker","error":"read ECONNRESET","level":"error","message":"BullMQ Redis error","timestamp":"2026-05-11T13:53:50.649Z"}
{"connection":"notification-worker","error":"read ECONNRESET","level":"error","message":"BullMQ Redis error","timestamp":"2026-05-11T13:53:50.731Z"}
{"connection":"activity-worker","error":"read ECONNRESET","level":"error","message":"BullMQ Redis error","timestamp":"2026-05-11T13:53:50.850Z"}
{"connection":"audio-worker","error":"read ECONNRESET","level":"error","message":"BullMQ Redis error","timestamp":"2026-05-11T13:53:51.000Z"}
{"connection":"recommendation-worker","error":"read ECONNRESET","level":"error","message":"BullMQ Redis error","timestamp":"2026-05-11T13:53:51.085Z"}
{"error":"read ECONNRESET","level":"error","message":"Redis client error","timestamp":"2026-05-11T13:53:51.161Z"}
{"level":"error","message":{"stack":"Error: Cannot find module 'ffprobe-static'\nRequire stack:\n- D:\\desktop\\Back\\Spotify-Clone\\Backend\\src\\streaming\\ffmpeg.service.js\n- D:\\desktop\\Back\\Spotify-Clone\\Backend\\src\\streaming\\audio.processor.js\n- D:\\desktop\\Back\\Spotify-Clone\\Backend\\src\\workers\\audio.worker.js\n- D:\\desktop\\Back\\Spotify-Clone\\Backend\\server.js\n    at Module._resolveFilename (node:internal/modules/cjs/loader:1410:15)\n    at defaultResolveImpl (node:internal/modules/cjs/loader:1051:19)\n    at resolveForCJSWithHooks (node:internal/modules/cjs/loader:1056:22)\n    at Module._load (node:internal/modules/cjs/loader:1219:37)\n    at TracingChannel.traceSync (node:diagnostics_channel:322:14)\n    at wrapModuleLoad (node:internal/modules/cjs/loader:238:24)\n    at Module.require (node:internal/modules/cjs/loader:1493:12)\n    at require (node:internal/modules/helpers:152:16)\n    at Object.<anonymous> (D:\\desktop\\Back\\Spotify-Clone\\Backend\\src\\streaming\\ffmpeg.service.js:8:3)\n    at Module._compile (node:internal/modules/cjs/loader:1738:14)","startupError":"Cannot find module 'ffprobe-static'\nRequire stack:\n- D:\\desktop\\Back\\Spotify-Clone\\Backend\\src\\streaming\\ffmpeg.service.js\n- D:\\desktop\\Back\\Spotify-Clone\\Backend\\src\\streaming\\audio.processor.js\n- D:\\desktop\\Back\\Spotify-Clone\\Backend\\src\\workers\\audio.worker.js\n- D:\\desktop\\Back\\Spotify-Clone\\Backend\\server.js"},"timestamp":"2026-05-11T14:07:43.722Z"}
{"level":"error","message":{"stack":"Error: Cannot find module 'ffprobe-static'\nRequire stack:\n- D:\\desktop\\Back\\Spotify-Clone\\Backend\\src\\streaming\\ffmpeg.service.js\n- D:\\desktop\\Back\\Spotify-Clone\\Backend\\src\\streaming\\audio.processor.js\n- D:\\desktop\\Back\\Spotify-Clone\\Backend\\src\\workers\\audio.worker.js\n- D:\\desktop\\Back\\Spotify-Clone\\Backend\\server.js\n    at Module._resolveFilename (node:internal/modules/cjs/loader:1410:15)\n    at defaultResolveImpl (node:internal/modules/cjs/loader:1051:19)\n    at resolveForCJSWithHooks (node:internal/modules/cjs/loader:1056:22)\n    at Module._load (node:internal/modules/cjs/loader:1219:37)\n    at TracingChannel.traceSync (node:diagnostics_channel:322:14)\n    at wrapModuleLoad (node:internal/modules/cjs/loader:238:24)\n    at Module.require (node:internal/modules/cjs/loader:1493:12)\n    at require (node:internal/modules/helpers:152:16)\n    at Object.<anonymous> (D:\\desktop\\Back\\Spotify-Clone\\Backend\\src\\streaming\\ffmpeg.service.js:8:3)\n    at Module._compile (node:internal/modules/cjs/loader:1738:14)","startupError":"Cannot find module 'ffprobe-static'\nRequire stack:\n- D:\\desktop\\Back\\Spotify-Clone\\Backend\\src\\streaming\\ffmpeg.service.js\n- D:\\desktop\\Back\\Spotify-Clone\\Backend\\src\\streaming\\audio.processor.js\n- D:\\desktop\\Back\\Spotify-Clone\\Backend\\src\\workers\\audio.worker.js\n- D:\\desktop\\Back\\Spotify-Clone\\Backend\\server.js"},"timestamp":"2026-05-11T14:08:20.042Z"}
{"level":"error","message":{"stack":"Error: Cannot find module 'ffprobe-static'\nRequire stack:\n- D:\\desktop\\Back\\Spotify-Clone\\Backend\\src\\streaming\\ffmpeg.service.js\n- D:\\desktop\\Back\\Spotify-Clone\\Backend\\src\\streaming\\audio.processor.js\n- D:\\desktop\\Back\\Spotify-Clone\\Backend\\src\\workers\\audio.worker.js\n- D:\\desktop\\Back\\Spotify-Clone\\Backend\\server.js\n    at Module._resolveFilename (node:internal/modules/cjs/loader:1410:15)\n    at defaultResolveImpl (node:internal/modules/cjs/loader:1051:19)\n    at resolveForCJSWithHooks (node:internal/modules/cjs/loader:1056:22)\n    at Module._load (node:internal/modules/cjs/loader:1219:37)\n    at TracingChannel.traceSync (node:diagnostics_channel:322:14)\n    at wrapModuleLoad (node:internal/modules/cjs/loader:238:24)\n    at Module.require (node:internal/modules/cjs/loader:1493:12)\n    at require (node:internal/modules/helpers:152:16)\n    at Object.<anonymous> (D:\\desktop\\Back\\Spotify-Clone\\Backend\\src\\streaming\\ffmpeg.service.js:8:3)\n    at Module._compile (node:internal/modules/cjs/loader:1738:14)","startupError":"Cannot find module 'ffprobe-static'\nRequire stack:\n- D:\\desktop\\Back\\Spotify-Clone\\Backend\\src\\streaming\\ffmpeg.service.js\n- D:\\desktop\\Back\\Spotify-Clone\\Backend\\src\\streaming\\audio.processor.js\n- D:\\desktop\\Back\\Spotify-Clone\\Backend\\src\\workers\\audio.worker.js\n- D:\\desktop\\Back\\Spotify-Clone\\Backend\\server.js"},"timestamp":"2026-05-11T14:08:43.896Z"}
{"level":"error","message":{"stack":"Error: Cannot find module 'ffprobe-static'\nRequire stack:\n- D:\\desktop\\Back\\Spotify-Clone\\Backend\\src\\streaming\\ffmpeg.service.js\n- D:\\desktop\\Back\\Spotify-Clone\\Backend\\src\\streaming\\audio.processor.js\n- D:\\desktop\\Back\\Spotify-Clone\\Backend\\src\\workers\\audio.worker.js\n- D:\\desktop\\Back\\Spotify-Clone\\Backend\\server.js\n    at Module._resolveFilename (node:internal/modules/cjs/loader:1410:15)\n    at defaultResolveImpl (node:internal/modules/cjs/loader:1051:19)\n    at resolveForCJSWithHooks (node:internal/modules/cjs/loader:1056:22)\n    at Module._load (node:internal/modules/cjs/loader:1219:37)\n    at TracingChannel.traceSync (node:diagnostics_channel:322:14)\n    at wrapModuleLoad (node:internal/modules/cjs/loader:238:24)\n    at Module.require (node:internal/modules/cjs/loader:1493:12)\n    at require (node:internal/modules/helpers:152:16)\n    at Object.<anonymous> (D:\\desktop\\Back\\Spotify-Clone\\Backend\\src\\streaming\\ffmpeg.service.js:8:3)\n    at Module._compile (node:internal/modules/cjs/loader:1738:14)","startupError":"Cannot find module 'ffprobe-static'\nRequire stack:\n- D:\\desktop\\Back\\Spotify-Clone\\Backend\\src\\streaming\\ffmpeg.service.js\n- D:\\desktop\\Back\\Spotify-Clone\\Backend\\src\\streaming\\audio.processor.js\n- D:\\desktop\\Back\\Spotify-Clone\\Backend\\src\\workers\\audio.worker.js\n- D:\\desktop\\Back\\Spotify-Clone\\Backend\\server.js"},"timestamp":"2026-05-11T14:09:01.687Z"}
{"level":"error","message":{"stack":"Error: Cannot find module 'ffprobe-static'\nRequire stack:\n- D:\\desktop\\Back\\Spotify-Clone\\Backend\\src\\streaming\\ffmpeg.service.js\n- D:\\desktop\\Back\\Spotify-Clone\\Backend\\src\\streaming\\audio.processor.js\n- D:\\desktop\\Back\\Spotify-Clone\\Backend\\src\\workers\\audio.worker.js\n- D:\\desktop\\Back\\Spotify-Clone\\Backend\\server.js\n    at Module._resolveFilename (node:internal/modules/cjs/loader:1410:15)\n    at defaultResolveImpl (node:internal/modules/cjs/loader:1051:19)\n    at resolveForCJSWithHooks (node:internal/modules/cjs/loader:1056:22)\n    at Module._load (node:internal/modules/cjs/loader:1219:37)\n    at TracingChannel.traceSync (node:diagnostics_channel:322:14)\n    at wrapModuleLoad (node:internal/modules/cjs/loader:238:24)\n    at Module.require (node:internal/modules/cjs/loader:1493:12)\n    at require (node:internal/modules/helpers:152:16)\n    at Object.<anonymous> (D:\\desktop\\Back\\Spotify-Clone\\Backend\\src\\streaming\\ffmpeg.service.js:8:3)\n    at Module._compile (node:internal/modules/cjs/loader:1738:14)","startupError":"Cannot find module 'ffprobe-static'\nRequire stack:\n- D:\\desktop\\Back\\Spotify-Clone\\Backend\\src\\streaming\\ffmpeg.service.js\n- D:\\desktop\\Back\\Spotify-Clone\\Backend\\src\\streaming\\audio.processor.js\n- D:\\desktop\\Back\\Spotify-Clone\\Backend\\src\\workers\\audio.worker.js\n- D:\\desktop\\Back\\Spotify-Clone\\Backend\\server.js"},"timestamp":"2026-05-11T14:10:07.156Z"}
{"level":"error","message":{"stack":"Error: Cannot find module 'ffprobe-static'\nRequire stack:\n- D:\\desktop\\Back\\Spotify-Clone\\Backend\\src\\streaming\\ffmpeg.service.js\n- D:\\desktop\\Back\\Spotify-Clone\\Backend\\src\\streaming\\audio.processor.js\n- D:\\desktop\\Back\\Spotify-Clone\\Backend\\src\\workers\\audio.worker.js\n- D:\\desktop\\Back\\Spotify-Clone\\Backend\\server.js\n    at Module._resolveFilename (node:internal/modules/cjs/loader:1410:15)\n    at defaultResolveImpl (node:internal/modules/cjs/loader:1051:19)\n    at resolveForCJSWithHooks (node:internal/modules/cjs/loader:1056:22)\n    at Module._load (node:internal/modules/cjs/loader:1219:37)\n    at TracingChannel.traceSync (node:diagnostics_channel:322:14)\n    at wrapModuleLoad (node:internal/modules/cjs/loader:238:24)\n    at Module.require (node:internal/modules/cjs/loader:1493:12)\n    at require (node:internal/modules/helpers:152:16)\n    at Object.<anonymous> (D:\\desktop\\Back\\Spotify-Clone\\Backend\\src\\streaming\\ffmpeg.service.js:8:3)\n    at Module._compile (node:internal/modules/cjs/loader:1738:14)","startupError":"Cannot find module 'ffprobe-static'\nRequire stack:\n- D:\\desktop\\Back\\Spotify-Clone\\Backend\\src\\streaming\\ffmpeg.service.js\n- D:\\desktop\\Back\\Spotify-Clone\\Backend\\src\\streaming\\audio.processor.js\n- D:\\desktop\\Back\\Spotify-Clone\\Backend\\src\\workers\\audio.worker.js\n- D:\\desktop\\Back\\Spotify-Clone\\Backend\\server.js"},"timestamp":"2026-05-11T14:11:04.359Z"}
{"level":"error","message":{"stack":"Error: Cannot find module 'ffprobe-static'\nRequire stack:\n- D:\\desktop\\Back\\Spotify-Clone\\Backend\\src\\streaming\\ffmpeg.service.js\n- D:\\desktop\\Back\\Spotify-Clone\\Backend\\src\\streaming\\audio.processor.js\n- D:\\desktop\\Back\\Spotify-Clone\\Backend\\src\\workers\\audio.worker.js\n- D:\\desktop\\Back\\Spotify-Clone\\Backend\\server.js\n    at Module._resolveFilename (node:internal/modules/cjs/loader:1410:15)\n    at defaultResolveImpl (node:internal/modules/cjs/loader:1051:19)\n    at resolveForCJSWithHooks (node:internal/modules/cjs/loader:1056:22)\n    at Module._load (node:internal/modules/cjs/loader:1219:37)\n    at TracingChannel.traceSync (node:diagnostics_channel:322:14)\n    at wrapModuleLoad (node:internal/modules/cjs/loader:238:24)\n    at Module.require (node:internal/modules/cjs/loader:1493:12)\n    at require (node:internal/modules/helpers:152:16)\n    at Object.<anonymous> (D:\\desktop\\Back\\Spotify-Clone\\Backend\\src\\streaming\\ffmpeg.service.js:8:3)\n    at Module._compile (node:internal/modules/cjs/loader:1738:14)","startupError":"Cannot find module 'ffprobe-static'\nRequire stack:\n- D:\\desktop\\Back\\Spotify-Clone\\Backend\\src\\streaming\\ffmpeg.service.js\n- D:\\desktop\\Back\\Spotify-Clone\\Backend\\src\\streaming\\audio.processor.js\n- D:\\desktop\\Back\\Spotify-Clone\\Backend\\src\\workers\\audio.worker.js\n- D:\\desktop\\Back\\Spotify-Clone\\Backend\\server.js"},"timestamp":"2026-05-11T14:11:18.300Z"}
{"level":"error","message":{"stack":"Error: Cannot find module 'ffprobe-static'\nRequire stack:\n- D:\\desktop\\Back\\Spotify-Clone\\Backend\\src\\streaming\\ffmpeg.service.js\n- D:\\desktop\\Back\\Spotify-Clone\\Backend\\src\\streaming\\audio.processor.js\n- D:\\desktop\\Back\\Spotify-Clone\\Backend\\src\\workers\\audio.worker.js\n- D:\\desktop\\Back\\Spotify-Clone\\Backend\\server.js\n    at Module._resolveFilename (node:internal/modules/cjs/loader:1410:15)\n    at defaultResolveImpl (node:internal/modules/cjs/loader:1051:19)\n    at resolveForCJSWithHooks (node:internal/modules/cjs/loader:1056:22)\n    at Module._load (node:internal/modules/cjs/loader:1219:37)\n    at TracingChannel.traceSync (node:diagnostics_channel:322:14)\n    at wrapModuleLoad (node:internal/modules/cjs/loader:238:24)\n    at Module.require (node:internal/modules/cjs/loader:1493:12)\n    at require (node:internal/modules/helpers:152:16)\n    at Object.<anonymous> (D:\\desktop\\Back\\Spotify-Clone\\Backend\\src\\streaming\\ffmpeg.service.js:8:3)\n    at Module._compile (node:internal/modules/cjs/loader:1738:14)","startupError":"Cannot find module 'ffprobe-static'\nRequire stack:\n- D:\\desktop\\Back\\Spotify-Clone\\Backend\\src\\streaming\\ffmpeg.service.js\n- D:\\desktop\\Back\\Spotify-Clone\\Backend\\src\\streaming\\audio.processor.js\n- D:\\desktop\\Back\\Spotify-Clone\\Backend\\src\\workers\\audio.worker.js\n- D:\\desktop\\Back\\Spotify-Clone\\Backend\\server.js"},"timestamp":"2026-05-11T14:11:31.202Z"}
{"level":"error","message":{"stack":"Error: Cannot find module 'ffprobe-static'\nRequire stack:\n- D:\\desktop\\Back\\Spotify-Clone\\Backend\\src\\streaming\\ffmpeg.service.js\n- D:\\desktop\\Back\\Spotify-Clone\\Backend\\src\\streaming\\audio.processor.js\n- D:\\desktop\\Back\\Spotify-Clone\\Backend\\src\\workers\\audio.worker.js\n- D:\\desktop\\Back\\Spotify-Clone\\Backend\\server.js\n    at Module._resolveFilename (node:internal/modules/cjs/loader:1410:15)\n    at defaultResolveImpl (node:internal/modules/cjs/loader:1051:19)\n    at resolveForCJSWithHooks (node:internal/modules/cjs/loader:1056:22)\n    at Module._load (node:internal/modules/cjs/loader:1219:37)\n    at TracingChannel.traceSync (node:diagnostics_channel:322:14)\n    at wrapModuleLoad (node:internal/modules/cjs/loader:238:24)\n    at Module.require (node:internal/modules/cjs/loader:1493:12)\n    at require (node:internal/modules/helpers:152:16)\n    at Object.<anonymous> (D:\\desktop\\Back\\Spotify-Clone\\Backend\\src\\streaming\\ffmpeg.service.js:8:3)\n    at Module._compile (node:internal/modules/cjs/loader:1738:14)","startupError":"Cannot find module 'ffprobe-static'\nRequire stack:\n- D:\\desktop\\Back\\Spotify-Clone\\Backend\\src\\streaming\\ffmpeg.service.js\n- D:\\desktop\\Back\\Spotify-Clone\\Backend\\src\\streaming\\audio.processor.js\n- D:\\desktop\\Back\\Spotify-Clone\\Backend\\src\\workers\\audio.worker.js\n- D:\\desktop\\Back\\Spotify-Clone\\Backend\\server.js"},"timestamp":"2026-05-11T14:12:09.823Z"}
{"level":"error","message":{"stack":"Error: Cannot find module '../service/embedding.service'\nRequire stack:\n- D:\\desktop\\Back\\Spotify-Clone\\Backend\\src\\workers\\analytics.worker.js\n- D:\\desktop\\Back\\Spotify-Clone\\Backend\\server.js\n    at Module._resolveFilename (node:internal/modules/cjs/loader:1410:15)\n    at defaultResolveImpl (node:internal/modules/cjs/loader:1051:19)\n    at resolveForCJSWithHooks (node:internal/modules/cjs/loader:1056:22)\n    at Module._load (node:internal/modules/cjs/loader:1219:37)\n    at TracingChannel.traceSync (node:diagnostics_channel:322:14)\n    at wrapModuleLoad (node:internal/modules/cjs/loader:238:24)\n    at Module.require (node:internal/modules/cjs/loader:1493:12)\n    at require (node:internal/modules/helpers:152:16)\n    at Object.<anonymous> (D:\\desktop\\Back\\Spotify-Clone\\Backend\\src\\workers\\analytics.worker.js:26:5)\n    at Module._compile (node:internal/modules/cjs/loader:1738:14)","startupError":"Cannot find module '../service/embedding.service'\nRequire stack:\n- D:\\desktop\\Back\\Spotify-Clone\\Backend\\src\\workers\\analytics.worker.js\n- D:\\desktop\\Back\\Spotify-Clone\\Backend\\server.js"},"timestamp":"2026-05-11T14:28:58.667Z"}
{"error":"ENOENT: no such file or directory, scandir 'D:\\desktop\\Back\\Spotify-Clone\\Backend\\src\\uploads\\temp'","level":"error","message":"Cleanup failed","timestamp":"2026-05-11T14:30:00.041Z"}
{"error":"read ECONNRESET","level":"error","message":"Redis client error","timestamp":"2026-05-11T15:11:50.744Z"}
{"connection":"activity-worker","error":"read ECONNRESET","level":"error","message":"BullMQ Redis error","timestamp":"2026-05-11T15:11:51.015Z"}
{"connection":"recommendation-worker","error":"read ECONNRESET","level":"error","message":"BullMQ Redis error","timestamp":"2026-05-11T15:11:51.207Z"}
{"connection":"audio-worker","error":"read ECONNRESET","level":"error","message":"BullMQ Redis error","timestamp":"2026-05-11T15:11:51.351Z"}
{"connection":"notification-worker","error":"read ECONNRESET","level":"error","message":"BullMQ Redis error","timestamp":"2026-05-11T15:11:51.462Z"}
{"connection":"analytics-worker","error":"read ECONNRESET","level":"error","message":"BullMQ Redis error","timestamp":"2026-05-11T15:11:51.555Z"}
{"error":"read ECONNRESET","level":"error","message":"Redis client error","timestamp":"2026-05-11T15:18:21.720Z"}
{"connection":"activity-worker","error":"read ECONNRESET","level":"error","message":"BullMQ Redis error","timestamp":"2026-05-11T15:18:26.638Z"}
{"connection":"analytics-worker","error":"read ECONNRESET","level":"error","message":"BullMQ Redis error","timestamp":"2026-05-11T15:18:29.682Z"}
{"connection":"notification-worker","error":"read ECONNRESET","level":"error","message":"BullMQ Redis error","timestamp":"2026-05-11T15:18:29.697Z"}
{"connection":"recommendation-worker","error":"read ECONNRESET","level":"error","message":"BullMQ Redis error","timestamp":"2026-05-11T15:18:30.352Z"}
{"connection":"audio-worker","error":"read ECONNRESET","level":"error","message":"BullMQ Redis error","timestamp":"2026-05-11T15:18:30.851Z"}
{"error":"getaddrinfo ENOTFOUND redis-14069.crce292.ap-south-1-2.ec2.cloud.redislabs.com","level":"error","message":"Redis client error","timestamp":"2026-05-11T15:18:32.850Z"}
{"connection":"activity-worker","error":"getaddrinfo ENOTFOUND redis-14069.crce292.ap-south-1-2.ec2.cloud.redislabs.com","level":"error","message":"BullMQ Redis error","timestamp":"2026-05-11T15:18:32.853Z"}
{"error":"read ECONNRESET","level":"error","message":"Redis client error","timestamp":"2026-05-11T15:21:19.158Z"}
{"connection":"recommendation-worker","error":"read ECONNRESET","level":"error","message":"BullMQ Redis error","timestamp":"2026-05-11T15:21:25.399Z"}
{"connection":"notification-worker","error":"read ECONNRESET","level":"error","message":"BullMQ Redis error","timestamp":"2026-05-11T15:21:25.414Z"}
{"connection":"audio-worker","error":"read ECONNRESET","level":"error","message":"BullMQ Redis error","timestamp":"2026-05-11T15:21:25.431Z"}
{"connection":"analytics-worker","error":"read ECONNRESET","level":"error","message":"BullMQ Redis error","timestamp":"2026-05-11T15:21:27.738Z"}
{"error":"getaddrinfo ENOTFOUND redis-14069.crce292.ap-south-1-2.ec2.cloud.redislabs.com","level":"error","message":"Redis client error","timestamp":"2026-05-11T15:21:29.525Z"}
{"error":"ENOENT: no such file or directory, scandir 'D:\\desktop\\Back\\Spotify-Clone\\Backend\\src\\uploads\\temp'","level":"error","message":"Cleanup failed","timestamp":"2026-05-11T15:30:00.126Z"}
{"error":"read ECONNRESET","level":"error","message":"Redis client error","timestamp":"2026-05-11T15:45:42.233Z"}
{"connection":"audio-worker","error":"read ECONNRESET","level":"error","message":"BullMQ Redis error","timestamp":"2026-05-11T15:45:58.301Z"}
{"connection":"notification-worker","error":"read ECONNRESET","level":"error","message":"BullMQ Redis error","timestamp":"2026-05-11T15:45:58.787Z"}
{"connection":"recommendation-worker","error":"read ECONNRESET","level":"error","message":"BullMQ Redis error","timestamp":"2026-05-11T15:45:59.978Z"}
{"connection":"analytics-worker","error":"read ECONNRESET","level":"error","message":"BullMQ Redis error","timestamp":"2026-05-11T15:46:05.038Z"}
{"connection":"activity-worker","error":"read ECONNRESET","level":"error","message":"BullMQ Redis error","timestamp":"2026-05-11T15:46:05.661Z"}
{"error":"read ECONNRESET","level":"error","message":"Redis client error","timestamp":"2026-05-11T17:48:32.862Z"}
{"connection":"notification-worker","error":"read ECONNRESET","level":"error","message":"BullMQ Redis error","timestamp":"2026-05-11T17:48:32.905Z"}
{"connection":"audio-worker","error":"read ECONNRESET","level":"error","message":"BullMQ Redis error","timestamp":"2026-05-11T17:48:32.908Z"}
{"connection":"recommendation-worker","error":"read ECONNRESET","level":"error","message":"BullMQ Redis error","timestamp":"2026-05-11T17:48:32.909Z"}
{"connection":"activity-worker","error":"read ECONNRESET","level":"error","message":"BullMQ Redis error","timestamp":"2026-05-11T17:48:32.911Z"}
{"connection":"analytics-worker","error":"read ECONNRESET","level":"error","message":"BullMQ Redis error","timestamp":"2026-05-11T17:48:32.913Z"}
{"error":"read ECONNRESET","level":"error","message":"Redis client error","timestamp":"2026-05-11T18:13:00.669Z"}
{"connection":"activity-worker","error":"read ECONNRESET","level":"error","message":"BullMQ Redis error","timestamp":"2026-05-11T18:13:02.217Z"}
{"connection":"recommendation-worker","error":"read ECONNRESET","level":"error","message":"BullMQ Redis error","timestamp":"2026-05-11T18:13:02.248Z"}
{"connection":"audio-worker","error":"read ECONNRESET","level":"error","message":"BullMQ Redis error","timestamp":"2026-05-11T18:13:02.261Z"}
{"connection":"analytics-worker","error":"read ECONNRESET","level":"error","message":"BullMQ Redis error","timestamp":"2026-05-11T18:13:02.279Z"}
{"connection":"notification-worker","error":"read ECONNRESET","level":"error","message":"BullMQ Redis error","timestamp":"2026-05-11T18:13:02.291Z"}
{"connection":"recommendation-worker","error":"read ECONNRESET","level":"error","message":"BullMQ Redis error","timestamp":"2026-05-11T19:49:53.136Z"}
{"connection":"activity-worker","error":"read ECONNRESET","level":"error","message":"BullMQ Redis error","timestamp":"2026-05-11T19:49:53.321Z"}
{"connection":"audio-worker","error":"read ECONNRESET","level":"error","message":"BullMQ Redis error","timestamp":"2026-05-11T19:49:53.534Z"}
{"connection":"analytics-worker","error":"read ECONNRESET","level":"error","message":"BullMQ Redis error","timestamp":"2026-05-11T19:49:53.692Z"}
{"connection":"notification-worker","error":"read ECONNRESET","level":"error","message":"BullMQ Redis error","timestamp":"2026-05-11T19:49:53.782Z"}
{"error":"read ECONNRESET","level":"error","message":"Redis client error","timestamp":"2026-05-11T19:49:53.893Z"}
{"connection":"notification-worker","error":"read ECONNRESET","level":"error","message":"BullMQ Redis error","timestamp":"2026-05-12T13:17:48.947Z"}
{"connection":"analytics-worker","error":"read ECONNRESET","level":"error","message":"BullMQ Redis error","timestamp":"2026-05-12T13:17:49.355Z"}
{"connection":"recommendation-worker","error":"read ECONNRESET","level":"error","message":"BullMQ Redis error","timestamp":"2026-05-12T13:17:49.614Z"}
{"error":"read ECONNRESET","level":"error","message":"Redis client error","timestamp":"2026-05-12T13:17:50.895Z"}
{"connection":"activity-worker","error":"read ECONNRESET","level":"error","message":"BullMQ Redis error","timestamp":"2026-05-12T13:17:51.223Z"}
{"connection":"audio-worker","error":"read ECONNRESET","level":"error","message":"BullMQ Redis error","timestamp":"2026-05-12T13:17:51.436Z"}
{"error":"ENOENT: no such file or directory, scandir 'D:\\desktop\\Back\\Spotify-Clone\\Backend\\src\\uploads\\temp'","level":"error","message":"Cleanup failed","timestamp":"2026-05-12T13:30:00.055Z"}
{"error":"read ECONNRESET","level":"error","message":"Redis client error","timestamp":"2026-05-12T13:40:10.576Z"}
{"connection":"recommendation-worker","error":"read ECONNRESET","level":"error","message":"BullMQ Redis error","timestamp":"2026-05-12T13:40:19.520Z"}
{"connection":"notification-worker","error":"read ECONNRESET","level":"error","message":"BullMQ Redis error","timestamp":"2026-05-12T13:40:19.934Z"}
{"connection":"analytics-worker","error":"read ECONNRESET","level":"error","message":"BullMQ Redis error","timestamp":"2026-05-12T13:40:20.011Z"}
{"connection":"audio-worker","error":"read ECONNRESET","level":"error","message":"BullMQ Redis error","timestamp":"2026-05-12T13:40:20.040Z"}
{"connection":"activity-worker","error":"read ECONNRESET","level":"error","message":"BullMQ Redis error","timestamp":"2026-05-12T13:40:20.063Z"}
{"connection":"recommendation-worker","error":"read ECONNRESET","level":"error","message":"BullMQ Redis error","timestamp":"2026-05-12T18:10:52.441Z"}
{"connection":"analytics-worker","error":"read ECONNRESET","level":"error","message":"BullMQ Redis error","timestamp":"2026-05-12T18:10:52.908Z"}
{"connection":"notification-worker","error":"read ECONNRESET","level":"error","message":"BullMQ Redis error","timestamp":"2026-05-12T18:10:53.116Z"}
{"connection":"audio-worker","error":"read ECONNRESET","level":"error","message":"BullMQ Redis error","timestamp":"2026-05-12T18:10:53.326Z"}
{"error":"read ECONNRESET","level":"error","message":"Redis client error","timestamp":"2026-05-12T18:10:53.730Z"}
{"connection":"activity-worker","error":"read ECONNRESET","level":"error","message":"BullMQ Redis error","timestamp":"2026-05-12T18:10:54.027Z"}
{"error":"getaddrinfo ENOTFOUND redis-14069.crce292.ap-south-1-2.ec2.cloud.redislabs.com","level":"error","message":"Redis client error","timestamp":"2026-05-12T18:10:55.156Z"}
{"error":"getaddrinfo ENOTFOUND redis-14069.crce292.ap-south-1-2.ec2.cloud.redislabs.com","level":"error","message":"Redis client error","timestamp":"2026-05-12T18:10:55.423Z"}
{"connection":"activity-worker","error":"getaddrinfo ENOTFOUND redis-14069.crce292.ap-south-1-2.ec2.cloud.redislabs.com","level":"error","message":"BullMQ Redis error","timestamp":"2026-05-12T18:10:55.484Z"}
{"connection":"notification-worker","error":"getaddrinfo ENOTFOUND redis-14069.crce292.ap-south-1-2.ec2.cloud.redislabs.com","level":"error","message":"BullMQ Redis error","timestamp":"2026-05-12T18:10:55.970Z"}
{"connection":"audio-worker","error":"getaddrinfo ENOTFOUND redis-14069.crce292.ap-south-1-2.ec2.cloud.redislabs.com","level":"error","message":"BullMQ Redis error","timestamp":"2026-05-12T18:10:56.058Z"}
{"connection":"analytics-worker","error":"getaddrinfo ENOTFOUND redis-14069.crce292.ap-south-1-2.ec2.cloud.redislabs.com","level":"error","message":"BullMQ Redis error","timestamp":"2026-05-12T18:10:56.112Z"}
{"connection":"recommendation-worker","error":"getaddrinfo ENOTFOUND redis-14069.crce292.ap-south-1-2.ec2.cloud.redislabs.com","level":"error","message":"BullMQ Redis error","timestamp":"2026-05-12T18:10:56.686Z"}
{"error":"getaddrinfo ENOTFOUND redis-14069.crce292.ap-south-1-2.ec2.cloud.redislabs.com","level":"error","message":"Redis client error","timestamp":"2026-05-12T18:10:56.817Z"}
{"connection":"activity-worker","error":"getaddrinfo ENOTFOUND redis-14069.crce292.ap-south-1-2.ec2.cloud.redislabs.com","level":"error","message":"BullMQ Redis error","timestamp":"2026-05-12T18:10:57.923Z"}
{"error":"getaddrinfo ENOTFOUND redis-14069.crce292.ap-south-1-2.ec2.cloud.redislabs.com","level":"error","message":"Redis client error","timestamp":"2026-05-12T18:10:58.717Z"}
{"connection":"analytics-worker","error":"getaddrinfo ENOTFOUND redis-14069.crce292.ap-south-1-2.ec2.cloud.redislabs.com","level":"error","message":"BullMQ Redis error","timestamp":"2026-05-12T18:10:58.792Z"}
{"connection":"audio-worker","error":"getaddrinfo ENOTFOUND redis-14069.crce292.ap-south-1-2.ec2.cloud.redislabs.com","level":"error","message":"BullMQ Redis error","timestamp":"2026-05-12T18:10:58.851Z"}
{"connection":"notification-worker","error":"getaddrinfo ENOTFOUND redis-14069.crce292.ap-south-1-2.ec2.cloud.redislabs.com","level":"error","message":"BullMQ Redis error","timestamp":"2026-05-12T18:10:59.012Z"}
{"connection":"recommendation-worker","error":"getaddrinfo ENOTFOUND redis-14069.crce292.ap-south-1-2.ec2.cloud.redislabs.com","level":"error","message":"BullMQ Redis error","timestamp":"2026-05-12T18:10:59.225Z"}
{"error":"getaddrinfo ENOTFOUND redis-14069.crce292.ap-south-1-2.ec2.cloud.redislabs.com","level":"error","message":"Redis client error","timestamp":"2026-05-12T18:11:00.343Z"}
{"connection":"activity-worker","error":"getaddrinfo ENOTFOUND redis-14069.crce292.ap-south-1-2.ec2.cloud.redislabs.com","level":"error","message":"BullMQ Redis error","timestamp":"2026-05-12T18:11:01.216Z"}
{"connection":"audio-worker","error":"getaddrinfo ENOTFOUND redis-14069.crce292.ap-south-1-2.ec2.cloud.redislabs.com","level":"error","message":"BullMQ Redis error","timestamp":"2026-05-12T18:11:01.944Z"}
{"connection":"analytics-worker","error":"getaddrinfo ENOTFOUND redis-14069.crce292.ap-south-1-2.ec2.cloud.redislabs.com","level":"error","message":"BullMQ Redis error","timestamp":"2026-05-12T18:11:02.022Z"}
{"connection":"notification-worker","error":"getaddrinfo ENOTFOUND redis-14069.crce292.ap-south-1-2.ec2.cloud.redislabs.com","level":"error","message":"BullMQ Redis error","timestamp":"2026-05-12T18:11:02.163Z"}
{"error":"getaddrinfo ENOTFOUND redis-14069.crce292.ap-south-1-2.ec2.cloud.redislabs.com","level":"error","message":"Redis client error","timestamp":"2026-05-12T18:11:02.364Z"}
{"connection":"recommendation-worker","error":"getaddrinfo ENOTFOUND redis-14069.crce292.ap-south-1-2.ec2.cloud.redislabs.com","level":"error","message":"BullMQ Redis error","timestamp":"2026-05-12T18:11:02.394Z"}
{"error":"getaddrinfo ENOTFOUND redis-14069.crce292.ap-south-1-2.ec2.cloud.redislabs.com","level":"error","message":"Redis client error","timestamp":"2026-05-12T18:11:04.871Z"}
{"connection":"activity-worker","error":"getaddrinfo ENOTFOUND redis-14069.crce292.ap-south-1-2.ec2.cloud.redislabs.com","level":"error","message":"BullMQ Redis error","timestamp":"2026-05-12T18:11:05.272Z"}
{"connection":"audio-worker","error":"getaddrinfo ENOTFOUND redis-14069.crce292.ap-south-1-2.ec2.cloud.redislabs.com","level":"error","message":"BullMQ Redis error","timestamp":"2026-05-12T18:11:05.959Z"}
{"connection":"analytics-worker","error":"getaddrinfo ENOTFOUND redis-14069.crce292.ap-south-1-2.ec2.cloud.redislabs.com","level":"error","message":"BullMQ Redis error","timestamp":"2026-05-12T18:11:06.038Z"}
{"connection":"notification-worker","error":"getaddrinfo ENOTFOUND redis-14069.crce292.ap-south-1-2.ec2.cloud.redislabs.com","level":"error","message":"BullMQ Redis error","timestamp":"2026-05-12T18:11:06.180Z"}
{"connection":"recommendation-worker","error":"getaddrinfo ENOTFOUND redis-14069.crce292.ap-south-1-2.ec2.cloud.redislabs.com","level":"error","message":"BullMQ Redis error","timestamp":"2026-05-12T18:11:06.417Z"}
{"error":"getaddrinfo ENOTFOUND redis-14069.crce292.ap-south-1-2.ec2.cloud.redislabs.com","level":"error","message":"Redis client error","timestamp":"2026-05-12T18:11:07.875Z"}
{"connection":"activity-worker","error":"getaddrinfo ENOTFOUND redis-14069.crce292.ap-south-1-2.ec2.cloud.redislabs.com","level":"error","message":"BullMQ Redis error","timestamp":"2026-05-12T18:11:10.279Z"}
{"error":"getaddrinfo ENOTFOUND redis-14069.crce292.ap-south-1-2.ec2.cloud.redislabs.com","level":"error","message":"Redis client error","timestamp":"2026-05-12T18:11:10.889Z"}
{"connection":"audio-worker","error":"getaddrinfo ENOTFOUND redis-14069.crce292.ap-south-1-2.ec2.cloud.redislabs.com","level":"error","message":"BullMQ Redis error","timestamp":"2026-05-12T18:11:10.966Z"}
{"connection":"analytics-worker","error":"getaddrinfo ENOTFOUND redis-14069.crce292.ap-south-1-2.ec2.cloud.redislabs.com","level":"error","message":"BullMQ Redis error","timestamp":"2026-05-12T18:11:11.044Z"}
{"connection":"notification-worker","error":"getaddrinfo ENOTFOUND redis-14069.crce292.ap-south-1-2.ec2.cloud.redislabs.com","level":"error","message":"BullMQ Redis error","timestamp":"2026-05-12T18:11:11.185Z"}
{"connection":"recommendation-worker","error":"getaddrinfo ENOTFOUND redis-14069.crce292.ap-south-1-2.ec2.cloud.redislabs.com","level":"error","message":"BullMQ Redis error","timestamp":"2026-05-12T18:11:11.466Z"}
{"error":"getaddrinfo ENOTFOUND redis-14069.crce292.ap-south-1-2.ec2.cloud.redislabs.com","level":"error","message":"Redis client error","timestamp":"2026-05-12T18:11:42.934Z"}
{"connection":"activity-worker","error":"getaddrinfo ENOTFOUND redis-14069.crce292.ap-south-1-2.ec2.cloud.redislabs.com","level":"error","message":"BullMQ Redis error","timestamp":"2026-05-12T18:11:42.996Z"}
{"connection":"audio-worker","error":"getaddrinfo ENOTFOUND redis-14069.crce292.ap-south-1-2.ec2.cloud.redislabs.com","level":"error","message":"BullMQ Redis error","timestamp":"2026-05-12T18:11:43.274Z"}
{"connection":"analytics-worker","error":"getaddrinfo ENOTFOUND redis-14069.crce292.ap-south-1-2.ec2.cloud.redislabs.com","level":"error","message":"BullMQ Redis error","timestamp":"2026-05-12T18:11:43.361Z"}
{"connection":"notification-worker","error":"getaddrinfo ENOTFOUND redis-14069.crce292.ap-south-1-2.ec2.cloud.redislabs.com","level":"error","message":"BullMQ Redis error","timestamp":"2026-05-12T18:11:43.489Z"}
{"connection":"recommendation-worker","error":"getaddrinfo ENOTFOUND redis-14069.crce292.ap-south-1-2.ec2.cloud.redislabs.com","level":"error","message":"BullMQ Redis error","timestamp":"2026-05-12T18:11:43.724Z"}
{"error":"getaddrinfo ENOTFOUND redis-14069.crce292.ap-south-1-2.ec2.cloud.redislabs.com","level":"error","message":"Redis client error","timestamp":"2026-05-12T18:11:46.013Z"}
{"connection":"activity-worker","error":"getaddrinfo ENOTFOUND redis-14069.crce292.ap-south-1-2.ec2.cloud.redislabs.com","level":"error","message":"BullMQ Redis error","timestamp":"2026-05-12T18:11:48.242Z"}
{"error":"getaddrinfo ENOTFOUND redis-14069.crce292.ap-south-1-2.ec2.cloud.redislabs.com","level":"error","message":"Redis client error","timestamp":"2026-05-12T18:11:49.017Z"}
{"connection":"recommendation-worker","error":"getaddrinfo ENOTFOUND redis-14069.crce292.ap-south-1-2.ec2.cloud.redislabs.com","level":"error","message":"BullMQ Redis error","timestamp":"2026-05-12T18:11:49.080Z"}
{"connection":"notification-worker","error":"getaddrinfo ENOTFOUND redis-14069.crce292.ap-south-1-2.ec2.cloud.redislabs.com","level":"error","message":"BullMQ Redis error","timestamp":"2026-05-12T18:11:49.158Z"}
{"connection":"analytics-worker","error":"getaddrinfo ENOTFOUND redis-14069.crce292.ap-south-1-2.ec2.cloud.redislabs.com","level":"error","message":"BullMQ Redis error","timestamp":"2026-05-12T18:11:49.190Z"}
{"connection":"audio-worker","error":"getaddrinfo ENOTFOUND redis-14069.crce292.ap-south-1-2.ec2.cloud.redislabs.com","level":"error","message":"BullMQ Redis error","timestamp":"2026-05-12T18:11:49.235Z"}
{"error":"getaddrinfo ENOTFOUND redis-14069.crce292.ap-south-1-2.ec2.cloud.redislabs.com","level":"error","message":"Redis client error","timestamp":"2026-05-12T18:11:52.311Z"}
{"error":"read ECONNRESET","level":"error","message":"Redis client error","timestamp":"2026-05-12T18:13:40.283Z"}
{"connection":"audio-worker","error":"read ECONNRESET","level":"error","message":"BullMQ Redis error","timestamp":"2026-05-12T18:13:48.838Z"}
{"error":"ENOENT: no such file or directory, scandir 'D:\\desktop\\Back\\Spotify-Clone\\Backend\\src\\uploads\\temp'","level":"error","message":"Cleanup failed","timestamp":"2026-05-12T18:30:00.323Z"}
{"error":"ENOENT: no such file or directory, scandir 'D:\\desktop\\Back\\Spotify-Clone\\Backend\\src\\uploads\\temp'","level":"error","message":"Cleanup failed","timestamp":"2026-05-12T19:30:00.058Z"}
{"connection":"audio-worker","error":"read ECONNRESET","level":"error","message":"BullMQ Redis error","timestamp":"2026-05-12T19:53:40.379Z"}
{"connection":"activity-worker","error":"read ECONNRESET","level":"error","message":"BullMQ Redis error","timestamp":"2026-05-12T19:53:40.404Z"}
{"error":"read ECONNRESET","level":"error","message":"Redis client error","timestamp":"2026-05-12T19:53:40.916Z"}
{"connection":"recommendation-worker","error":"read ECONNRESET","level":"error","message":"BullMQ Redis error","timestamp":"2026-05-12T19:53:41.554Z"}
{"connection":"notification-worker","error":"read ECONNRESET","level":"error","message":"BullMQ Redis error","timestamp":"2026-05-12T19:53:42.020Z"}
{"connection":"analytics-worker","error":"read ECONNRESET","level":"error","message":"BullMQ Redis error","timestamp":"2026-05-12T19:53:42.292Z"}
{"error":"ENOENT: no such file or directory, scandir 'D:\\desktop\\Back\\Spotify-Clone\\Backend\\src\\uploads\\temp'","level":"error","message":"Cleanup failed","timestamp":"2026-05-12T20:30:00.040Z"}
{"level":"error","message":{"shutdownError":"closeBullMQConnections is not a function"},"timestamp":"2026-05-12T20:31:35.539Z"}
{"error":"Input file not found: https://ik.imagekit.io/kKrishGupta/spotify_clone/music_1778618490966_ieYfKvpIt","level":"error","message":"Metadata extraction failed","timestamp":"2026-05-12T20:41:45.678Z"}
{"error":"Input file not found: https://ik.imagekit.io/kKrishGupta/spotify_clone/music_1778618490966_ieYfKvpIt","level":"error","message":"Bitrate conversion failed","timestamp":"2026-05-12T20:41:45.679Z"}
{"error":"Upload timeout","level":"error","message":"ImageKit upload failed","timestamp":"2026-05-12T20:42:16.255Z"}
{"level":"error","message":"File upload failed","method":"POST","requestId":"04196a5b-ad80-40e3-9dfc-2c12894e000f","stack":"Error: File upload failed\n    at uploadFile (D:\\desktop\\Back\\Spotify-Clone\\Backend\\src\\service\\storage.service.js:102:13)\n    at async D:\\desktop\\Back\\Spotify-Clone\\Backend\\src\\controllers\\music.controller.js:47:7","statusCode":500,"timestamp":"2026-05-12T20:42:16.261Z","url":"/api/music/upload"}
{"error":"Upload timeout","level":"error","message":"ImageKit upload failed","timestamp":"2026-05-12T20:42:39.740Z"}
{"level":"error","message":"File upload failed","method":"POST","requestId":"bf44bc40-3cc2-4616-8795-e6685f087f38","stack":"Error: File upload failed\n    at uploadFile (D:\\desktop\\Back\\Spotify-Clone\\Backend\\src\\service\\storage.service.js:102:13)\n    at async D:\\desktop\\Back\\Spotify-Clone\\Backend\\src\\controllers\\music.controller.js:47:7","statusCode":500,"timestamp":"2026-05-12T20:42:39.742Z","url":"/api/music/upload"}
{"error":"Input file not found: https://ik.imagekit.io/kKrishGupta/spotify_clone/music_1778618683649_Vyhbaz4bI","level":"error","message":"Metadata extraction failed","timestamp":"2026-05-12T20:44:59.599Z"}
{"error":"Input file not found: https://ik.imagekit.io/kKrishGupta/spotify_clone/music_1778618683649_Vyhbaz4bI","level":"error","message":"Bitrate conversion failed","timestamp":"2026-05-12T20:44:59.603Z"}
{"error":"Input file not found: https://ik.imagekit.io/kKrishGupta/spotify_clone/music_1778618710918_qn5Sp_v5t","level":"error","message":"Metadata extraction failed","timestamp":"2026-05-12T20:45:29.186Z"}
{"error":"Input file not found: https://ik.imagekit.io/kKrishGupta/spotify_clone/music_1778618710918_qn5Sp_v5t","level":"error","message":"Bitrate conversion failed","timestamp":"2026-05-12T20:45:29.187Z"}
{"error":"Input file not found: https://ik.imagekit.io/kKrishGupta/spotify_clone/music_1778618732144_n_gjC6n4j","level":"error","message":"Metadata extraction failed","timestamp":"2026-05-12T20:45:46.525Z"}
{"error":"Input file not found: https://ik.imagekit.io/kKrishGupta/spotify_clone/music_1778618732144_n_gjC6n4j","level":"error","message":"Bitrate conversion failed","timestamp":"2026-05-12T20:45:46.526Z"}
{"error":"Input file not found: https://ik.imagekit.io/kKrishGupta/spotify_clone/music_1778618748317_0sVvIP3Ng","level":"error","message":"Metadata extraction failed","timestamp":"2026-05-12T20:45:59.489Z"}
{"error":"Input file not found: https://ik.imagekit.io/kKrishGupta/spotify_clone/music_1778618748317_0sVvIP3Ng","level":"error","message":"Bitrate conversion failed","timestamp":"2026-05-12T20:45:59.490Z"}
{"level":"error","message":"Cannot destructure property 'songId' of 'req.body' as it is undefined.","method":"POST","requestId":"8628e636-772c-4072-a8a5-4c0b24238b28","stack":"TypeError: Cannot destructure property 'songId' of 'req.body' as it is undefined.\n    at D:\\desktop\\Back\\Spotify-Clone\\Backend\\src\\controllers\\activity.controller.js:11:11\n    at D:\\desktop\\Back\\Spotify-Clone\\Backend\\src\\utils\\asyncHandler.js:2:19\n    at Layer.handleRequest (D:\\desktop\\Back\\Spotify-Clone\\Backend\\node_modules\\router\\lib\\layer.js:152:17)\n    at next (D:\\desktop\\Back\\Spotify-Clone\\Backend\\node_modules\\router\\lib\\route.js:157:13)\n    at protect (D:\\desktop\\Back\\Spotify-Clone\\Backend\\src\\middlewares\\auth.middleware.js:37:14)\n    at Layer.handleRequest (D:\\desktop\\Back\\Spotify-Clone\\Backend\\node_modules\\router\\lib\\layer.js:152:17)\n    at next (D:\\desktop\\Back\\Spotify-Clone\\Backend\\node_modules\\router\\lib\\route.js:157:13)\n    at Route.dispatch (D:\\desktop\\Back\\Spotify-Clone\\Backend\\node_modules\\router\\lib\\route.js:117:3)\n    at handle (D:\\desktop\\Back\\Spotify-Clone\\Backend\\node_modules\\router\\index.js:435:11)\n    at Layer.handleRequest (D:\\desktop\\Back\\Spotify-Clone\\Backend\\node_modules\\router\\lib\\layer.js:152:17)","statusCode":500,"timestamp":"2026-05-12T21:00:30.983Z","url":"/api/activity"}
{"level":"error","message":"generateEmbedding is not a function","method":"POST","requestId":"7cfb62dd-9323-4983-a973-961dc77320f3","stack":"TypeError: generateEmbedding is not a function\n    at Object.generateReply (D:\\desktop\\Back\\Spotify-Clone\\Backend\\src\\service\\ai.service.js:23:27)\n    at process.processTicksAndRejections (node:internal/process/task_queues:105:5)\n    at async D:\\desktop\\Back\\Spotify-Clone\\Backend\\src\\controllers\\ai.controller.js:8:17","statusCode":500,"timestamp":"2026-05-12T21:02:27.066Z","url":"/api/ai/chat"}
{"level":"error","message":"generateEmbedding is not a function","method":"POST","requestId":"daa2afe0-8dc3-40bb-b928-37b6efd81619","stack":"TypeError: generateEmbedding is not a function\n    at Object.generateReply (D:\\desktop\\Back\\Spotify-Clone\\Backend\\src\\service\\ai.service.js:23:27)\n    at process.processTicksAndRejections (node:internal/process/task_queues:105:5)\n    at async D:\\desktop\\Back\\Spotify-Clone\\Backend\\src\\controllers\\ai.controller.js:8:17","statusCode":500,"timestamp":"2026-05-12T21:09:16.915Z","url":"/api/ai/chat"}
{"error":"ENOENT: no such file or directory, scandir 'D:\\desktop\\Back\\Spotify-Clone\\Backend\\src\\uploads\\temp'","level":"error","message":"Cleanup failed","timestamp":"2026-05-12T21:30:00.140Z"}
{"error":"redis.zRange is not a function","level":"error","message":"Feed build failed","timestamp":"2026-05-12T21:30:33.168Z"}
{"error":"redis.zRange is not a function","level":"error","message":"Feed build failed","timestamp":"2026-05-12T21:30:39.440Z"}
{"error":"read ECONNRESET","level":"error","message":"Redis client error","timestamp":"2026-05-13T07:22:13.868Z"}
{"connection":"activity-worker","error":"read ECONNRESET","level":"error","message":"BullMQ Redis error","timestamp":"2026-05-13T07:22:13.951Z"}
{"connection":"audio-worker","error":"read ECONNRESET","level":"error","message":"BullMQ Redis error","timestamp":"2026-05-13T07:22:13.957Z"}
{"connection":"notification-worker","error":"read ECONNRESET","level":"error","message":"BullMQ Redis error","timestamp":"2026-05-13T07:22:13.963Z"}
{"connection":"recommendation-worker","error":"read ECONNRESET","level":"error","message":"BullMQ Redis error","timestamp":"2026-05-13T07:22:13.964Z"}
{"connection":"analytics-worker","error":"read ECONNRESET","level":"error","message":"BullMQ Redis error","timestamp":"2026-05-13T07:22:13.966Z"}
{"error":"getaddrinfo ENOTFOUND redis-14069.crce292.ap-south-1-2.ec2.cloud.redislabs.com","level":"error","message":"Redis client error","timestamp":"2026-05-13T07:22:14.928Z"}
{"error":"getaddrinfo ENOTFOUND redis-14069.crce292.ap-south-1-2.ec2.cloud.redislabs.com","level":"error","message":"Redis client error","timestamp":"2026-05-13T07:22:14.948Z"}
{"connection":"analytics-worker","error":"getaddrinfo ENOTFOUND redis-14069.crce292.ap-south-1-2.ec2.cloud.redislabs.com","level":"error","message":"BullMQ Redis error","timestamp":"2026-05-13T07:22:15.032Z"}
{"connection":"recommendation-worker","error":"getaddrinfo ENOTFOUND redis-14069.crce292.ap-south-1-2.ec2.cloud.redislabs.com","level":"error","message":"BullMQ Redis error","timestamp":"2026-05-13T07:22:15.036Z"}
{"connection":"notification-worker","error":"getaddrinfo ENOTFOUND redis-14069.crce292.ap-south-1-2.ec2.cloud.redislabs.com","level":"error","message":"BullMQ Redis error","timestamp":"2026-05-13T07:22:15.040Z"}
{"connection":"audio-worker","error":"getaddrinfo ENOTFOUND redis-14069.crce292.ap-south-1-2.ec2.cloud.redislabs.com","level":"error","message":"BullMQ Redis error","timestamp":"2026-05-13T07:22:15.043Z"}
{"connection":"activity-worker","error":"getaddrinfo ENOTFOUND redis-14069.crce292.ap-south-1-2.ec2.cloud.redislabs.com","level":"error","message":"BullMQ Redis error","timestamp":"2026-05-13T07:22:15.044Z"}
{"error":"getaddrinfo ENOTFOUND redis-14069.crce292.ap-south-1-2.ec2.cloud.redislabs.com","level":"error","message":"Redis client error","timestamp":"2026-05-13T07:22:15.779Z"}
{"error":"getaddrinfo ENOTFOUND redis-14069.crce292.ap-south-1-2.ec2.cloud.redislabs.com","level":"error","message":"Redis client error","timestamp":"2026-05-13T07:22:16.951Z"}
{"connection":"activity-worker","error":"getaddrinfo ENOTFOUND redis-14069.crce292.ap-south-1-2.ec2.cloud.redislabs.com","level":"error","message":"BullMQ Redis error","timestamp":"2026-05-13T07:22:17.481Z"}
{"connection":"audio-worker","error":"getaddrinfo ENOTFOUND redis-14069.crce292.ap-south-1-2.ec2.cloud.redislabs.com","level":"error","message":"BullMQ Redis error","timestamp":"2026-05-13T07:22:17.698Z"}
{"connection":"notification-worker","error":"getaddrinfo ENOTFOUND redis-14069.crce292.ap-south-1-2.ec2.cloud.redislabs.com","level":"error","message":"BullMQ Redis error","timestamp":"2026-05-13T07:22:17.879Z"}
{"connection":"recommendation-worker","error":"getaddrinfo ENOTFOUND redis-14069.crce292.ap-south-1-2.ec2.cloud.redislabs.com","level":"error","message":"BullMQ Redis error","timestamp":"2026-05-13T07:22:17.960Z"}
{"connection":"analytics-worker","error":"getaddrinfo ENOTFOUND redis-14069.crce292.ap-south-1-2.ec2.cloud.redislabs.com","level":"error","message":"BullMQ Redis error","timestamp":"2026-05-13T07:22:17.995Z"}
{"error":"getaddrinfo ENOTFOUND redis-14069.crce292.ap-south-1-2.ec2.cloud.redislabs.com","level":"error","message":"Redis client error","timestamp":"2026-05-13T07:22:18.492Z"}
{"error":"getaddrinfo ENOTFOUND redis-14069.crce292.ap-south-1-2.ec2.cloud.redislabs.com","level":"error","message":"Redis client error","timestamp":"2026-05-13T07:22:20.546Z"}
{"connection":"activity-worker","error":"getaddrinfo ENOTFOUND redis-14069.crce292.ap-south-1-2.ec2.cloud.redislabs.com","level":"error","message":"BullMQ Redis error","timestamp":"2026-05-13T07:22:20.685Z"}
{"connection":"analytics-worker","error":"getaddrinfo ENOTFOUND redis-14069.crce292.ap-south-1-2.ec2.cloud.redislabs.com","level":"error","message":"BullMQ Redis error","timestamp":"2026-05-13T07:22:21.085Z"}
{"connection":"recommendation-worker","error":"getaddrinfo ENOTFOUND redis-14069.crce292.ap-south-1-2.ec2.cloud.redislabs.com","level":"error","message":"BullMQ Redis error","timestamp":"2026-05-13T07:22:21.089Z"}
{"connection":"notification-worker","error":"getaddrinfo ENOTFOUND redis-14069.crce292.ap-south-1-2.ec2.cloud.redislabs.com","level":"error","message":"BullMQ Redis error","timestamp":"2026-05-13T07:22:21.096Z"}
{"connection":"audio-worker","error":"getaddrinfo ENOTFOUND redis-14069.crce292.ap-south-1-2.ec2.cloud.redislabs.com","level":"error","message":"BullMQ Redis error","timestamp":"2026-05-13T07:22:21.124Z"}
{"error":"getaddrinfo ENOTFOUND redis-14069.crce292.ap-south-1-2.ec2.cloud.redislabs.com","level":"error","message":"Redis client error","timestamp":"2026-05-13T07:22:24.069Z"}
{"connection":"recommendation-worker","error":"read ECONNRESET","level":"error","message":"BullMQ Redis error","timestamp":"2026-05-13T07:22:51.217Z"}
{"connection":"notification-worker","error":"read ECONNRESET","level":"error","message":"BullMQ Redis error","timestamp":"2026-05-13T07:22:51.293Z"}
{"connection":"analytics-worker","error":"read ECONNRESET","level":"error","message":"BullMQ Redis error","timestamp":"2026-05-13T07:22:51.407Z"}
{"error":"connect ECONNABORTED 13.203.79.185:14069","level":"error","message":"Redis client error","timestamp":"2026-05-13T07:22:51.475Z"}
{"connection":"audio-worker","error":"connect ECONNABORTED 13.203.79.185:14069","level":"error","message":"BullMQ Redis error","timestamp":"2026-05-13T07:22:51.539Z"}
{"connection":"activity-worker","error":"read ECONNRESET","level":"error","message":"BullMQ Redis error","timestamp":"2026-05-13T07:22:51.655Z"}
{"error":"getaddrinfo ENOTFOUND redis-14069.crce292.ap-south-1-2.ec2.cloud.redislabs.com","level":"error","message":"Redis client error","timestamp":"2026-05-13T07:22:54.531Z"}
{"connection":"activity-worker","error":"getaddrinfo ENOTFOUND redis-14069.crce292.ap-south-1-2.ec2.cloud.redislabs.com","level":"error","message":"BullMQ Redis error","timestamp":"2026-05-13T07:22:56.707Z"}
{"connection":"audio-worker","error":"getaddrinfo ENOTFOUND redis-14069.crce292.ap-south-1-2.ec2.cloud.redislabs.com","level":"error","message":"BullMQ Redis error","timestamp":"2026-05-13T07:22:56.800Z"}
{"connection":"analytics-worker","error":"getaddrinfo ENOTFOUND redis-14069.crce292.ap-south-1-2.ec2.cloud.redislabs.com","level":"error","message":"BullMQ Redis error","timestamp":"2026-05-13T07:22:56.847Z"}
{"connection":"notification-worker","error":"getaddrinfo ENOTFOUND redis-14069.crce292.ap-south-1-2.ec2.cloud.redislabs.com","level":"error","message":"BullMQ Redis error","timestamp":"2026-05-13T07:22:56.908Z"}
{"connection":"recommendation-worker","error":"getaddrinfo ENOTFOUND redis-14069.crce292.ap-south-1-2.ec2.cloud.redislabs.com","level":"error","message":"BullMQ Redis error","timestamp":"2026-05-13T07:22:56.940Z"}
{"error":"getaddrinfo ENOTFOUND redis-14069.crce292.ap-south-1-2.ec2.cloud.redislabs.com","level":"error","message":"Redis client error","timestamp":"2026-05-13T07:22:57.544Z"}
{"error":"getaddrinfo ENOTFOUND redis-14069.crce292.ap-south-1-2.ec2.cloud.redislabs.com","level":"error","message":"Redis client error","timestamp":"2026-05-13T07:23:00.562Z"}
{"connection":"activity-worker","error":"getaddrinfo ENOTFOUND redis-14069.crce292.ap-south-1-2.ec2.cloud.redislabs.com","level":"error","message":"BullMQ Redis error","timestamp":"2026-05-13T07:23:01.717Z"}
{"connection":"audio-worker","error":"getaddrinfo ENOTFOUND redis-14069.crce292.ap-south-1-2.ec2.cloud.redislabs.com","level":"error","message":"BullMQ Redis error","timestamp":"2026-05-13T07:23:01.810Z"}
{"connection":"analytics-worker","error":"getaddrinfo ENOTFOUND redis-14069.crce292.ap-south-1-2.ec2.cloud.redislabs.com","level":"error","message":"BullMQ Redis error","timestamp":"2026-05-13T07:23:01.856Z"}
{"connection":"notification-worker","error":"getaddrinfo ENOTFOUND redis-14069.crce292.ap-south-1-2.ec2.cloud.redislabs.com","level":"error","message":"BullMQ Redis error","timestamp":"2026-05-13T07:23:01.920Z"}
{"connection":"recommendation-worker","error":"getaddrinfo ENOTFOUND redis-14069.crce292.ap-south-1-2.ec2.cloud.redislabs.com","level":"error","message":"BullMQ Redis error","timestamp":"2026-05-13T07:23:01.952Z"}
{"error":"getaddrinfo ENOTFOUND redis-14069.crce292.ap-south-1-2.ec2.cloud.redislabs.com","level":"error","message":"Redis client error","timestamp":"2026-05-13T07:23:03.570Z"}
{"error":"ENOENT: no such file or directory, scandir 'D:\\desktop\\Back\\Spotify-Clone\\Backend\\src\\uploads\\temp'","level":"error","message":"Cleanup failed","timestamp":"2026-05-13T08:30:00.042Z"}
{"error":"read ECONNRESET","level":"error","message":"Redis client error","timestamp":"2026-05-13T09:06:44.294Z"}
{"connection":"analytics-worker","error":"read ECONNRESET","level":"error","message":"BullMQ Redis error","timestamp":"2026-05-13T09:06:45.235Z"}
{"connection":"recommendation-worker","error":"read ECONNRESET","level":"error","message":"BullMQ Redis error","timestamp":"2026-05-13T09:06:45.431Z"}
{"connection":"audio-worker","error":"read ECONNRESET","level":"error","message":"BullMQ Redis error","timestamp":"2026-05-13T09:06:45.667Z"}
{"connection":"activity-worker","error":"read ECONNRESET","level":"error","message":"BullMQ Redis error","timestamp":"2026-05-13T09:06:45.954Z"}
{"connection":"notification-worker","error":"read ECONNRESET","level":"error","message":"BullMQ Redis error","timestamp":"2026-05-13T09:06:46.128Z"}
{"error":"getaddrinfo ENOTFOUND redis-14069.crce292.ap-south-1-2.ec2.cloud.redislabs.com","level":"error","message":"Redis client error","timestamp":"2026-05-13T09:06:46.605Z"}
{"error":"getaddrinfo ENOTFOUND redis-14069.crce292.ap-south-1-2.ec2.cloud.redislabs.com","level":"error","message":"Redis client error","timestamp":"2026-05-13T09:06:46.829Z"}
{"connection":"recommendation-worker","error":"read ECONNRESET","level":"error","message":"BullMQ Redis error","timestamp":"2026-05-13T09:07:12.054Z"}
{"error":"read ECONNRESET","level":"error","message":"Redis client error","timestamp":"2026-05-13T09:07:12.104Z"}
{"connection":"analytics-worker","error":"read ECONNRESET","level":"error","message":"BullMQ Redis error","timestamp":"2026-05-13T09:07:12.226Z"}
{"connection":"activity-worker","error":"read ECONNRESET","level":"error","message":"BullMQ Redis error","timestamp":"2026-05-13T09:07:12.385Z"}
{"connection":"audio-worker","error":"read ECONNRESET","level":"error","message":"BullMQ Redis error","timestamp":"2026-05-13T09:07:12.547Z"}
{"connection":"notification-worker","error":"read ECONNRESET","level":"error","message":"BullMQ Redis error","timestamp":"2026-05-13T09:07:12.693Z"}
{"level":"error","message":"notificationService.getUnreadCount is not a function","method":"GET","requestId":"f2003889-6763-4ee2-a5ea-4ae32df1a2cb","stack":"TypeError: notificationService.getUnreadCount is not a function\n    at D:\\desktop\\Back\\Spotify-Clone\\Backend\\src\\controllers\\notification.controller.js:54:35\n    at process.processTicksAndRejections (node:internal/process/task_queues:105:5)","statusCode":500,"timestamp":"2026-05-13T09:16:10.994Z","url":"/api/notifications"}
{"level":"error","message":"Cannot destructure property 'username' of 'req.body' as it is undefined.","method":"POST","requestId":"460293a5-a30d-4199-a4c6-f0ceffc5b658","stack":"TypeError: Cannot destructure property 'username' of 'req.body' as it is undefined.\n    at D:\\desktop\\Back\\Spotify-Clone\\Backend\\src\\controllers\\auth.controller.js:116:11\n    at D:\\desktop\\Back\\Spotify-Clone\\Backend\\src\\utils\\asyncHandler.js:2:19\n    at Layer.handleRequest (D:\\desktop\\Back\\Spotify-Clone\\Backend\\node_modules\\router\\lib\\layer.js:152:17)\n    at next (D:\\desktop\\Back\\Spotify-Clone\\Backend\\node_modules\\router\\lib\\route.js:157:13)\n    at Route.dispatch (D:\\desktop\\Back\\Spotify-Clone\\Backend\\node_modules\\router\\lib\\route.js:117:3)\n    at handle (D:\\desktop\\Back\\Spotify-Clone\\Backend\\node_modules\\router\\index.js:435:11)\n    at Layer.handleRequest (D:\\desktop\\Back\\Spotify-Clone\\Backend\\node_modules\\router\\lib\\layer.js:152:17)\n    at D:\\desktop\\Back\\Spotify-Clone\\Backend\\node_modules\\router\\index.js:295:15\n    at processParams (D:\\desktop\\Back\\Spotify-Clone\\Backend\\node_modules\\router\\index.js:582:12)\n    at next (D:\\desktop\\Back\\Spotify-Clone\\Backend\\node_modules\\router\\index.js:291:5)","statusCode":500,"timestamp":"2026-05-13T09:34:12.897Z","url":"/api/auth/login"}
{"connection":"recommendation-worker","error":"read ECONNRESET","level":"error","message":"BullMQ Redis error","timestamp":"2026-05-13T12:07:52.338Z"}
{"connection":"audio-worker","error":"read ECONNRESET","level":"error","message":"BullMQ Redis error","timestamp":"2026-05-13T12:07:52.685Z"}
{"connection":"analytics-worker","error":"read ECONNRESET","level":"error","message":"BullMQ Redis error","timestamp":"2026-05-13T12:07:52.834Z"}
{"error":"read ECONNRESET","level":"error","message":"Redis client error","timestamp":"2026-05-13T12:07:53.027Z"}
{"connection":"notification-worker","error":"read ECONNRESET","level":"error","message":"BullMQ Redis error","timestamp":"2026-05-13T12:07:53.259Z"}
{"connection":"activity-worker","error":"read ECONNRESET","level":"error","message":"BullMQ Redis error","timestamp":"2026-05-13T12:07:53.462Z"}
{"error":"getaddrinfo ENOTFOUND redis-14069.crce292.ap-south-1-2.ec2.cloud.redislabs.com","level":"error","message":"Redis client error","timestamp":"2026-05-13T12:07:54.023Z"}
{"error":"getaddrinfo ENOTFOUND redis-14069.crce292.ap-south-1-2.ec2.cloud.redislabs.com","level":"error","message":"Redis client error","timestamp":"2026-05-13T12:07:54.080Z"}
{"error":"getaddrinfo ENOTFOUND redis-14069.crce292.ap-south-1-2.ec2.cloud.redislabs.com","level":"error","message":"Redis client error","timestamp":"2026-05-13T12:07:54.597Z"}
{"connection":"activity-worker","error":"getaddrinfo ENOTFOUND redis-14069.crce292.ap-south-1-2.ec2.cloud.redislabs.com","level":"error","message":"BullMQ Redis error","timestamp":"2026-05-13T12:07:54.900Z"}
{"connection":"notification-worker","error":"getaddrinfo ENOTFOUND redis-14069.crce292.ap-south-1-2.ec2.cloud.redislabs.com","level":"error","message":"BullMQ Redis error","timestamp":"2026-05-13T12:07:54.915Z"}
{"connection":"analytics-worker","error":"getaddrinfo ENOTFOUND redis-14069.crce292.ap-south-1-2.ec2.cloud.redislabs.com","level":"error","message":"BullMQ Redis error","timestamp":"2026-05-13T12:07:54.955Z"}
{"connection":"audio-worker","error":"getaddrinfo ENOTFOUND redis-14069.crce292.ap-south-1-2.ec2.cloud.redislabs.com","level":"error","message":"BullMQ Redis error","timestamp":"2026-05-13T12:07:54.964Z"}
{"connection":"recommendation-worker","error":"getaddrinfo ENOTFOUND redis-14069.crce292.ap-south-1-2.ec2.cloud.redislabs.com","level":"error","message":"BullMQ Redis error","timestamp":"2026-05-13T12:07:54.984Z"}
{"error":"getaddrinfo ENOTFOUND redis-14069.crce292.ap-south-1-2.ec2.cloud.redislabs.com","level":"error","message":"Redis client error","timestamp":"2026-05-13T12:07:55.603Z"}
{"connection":"activity-worker","error":"getaddrinfo ENOTFOUND redis-14069.crce292.ap-south-1-2.ec2.cloud.redislabs.com","level":"error","message":"BullMQ Redis error","timestamp":"2026-05-13T12:07:56.993Z"}
{"connection":"notification-worker","error":"getaddrinfo ENOTFOUND redis-14069.crce292.ap-south-1-2.ec2.cloud.redislabs.com","level":"error","message":"BullMQ Redis error","timestamp":"2026-05-13T12:07:57.000Z"}
{"connection":"analytics-worker","error":"getaddrinfo ENOTFOUND redis-14069.crce292.ap-south-1-2.ec2.cloud.redislabs.com","level":"error","message":"BullMQ Redis error","timestamp":"2026-05-13T12:07:57.056Z"}
{"connection":"audio-worker","error":"getaddrinfo ENOTFOUND redis-14069.crce292.ap-south-1-2.ec2.cloud.redislabs.com","level":"error","message":"BullMQ Redis error","timestamp":"2026-05-13T12:07:57.106Z"}
{"connection":"recommendation-worker","error":"getaddrinfo ENOTFOUND redis-14069.crce292.ap-south-1-2.ec2.cloud.redislabs.com","level":"error","message":"BullMQ Redis error","timestamp":"2026-05-13T12:07:57.139Z"}
{"error":"getaddrinfo ENOTFOUND redis-14069.crce292.ap-south-1-2.ec2.cloud.redislabs.com","level":"error","message":"Redis client error","timestamp":"2026-05-13T12:07:57.365Z"}
{"error":"getaddrinfo ENOTFOUND redis-14069.crce292.ap-south-1-2.ec2.cloud.redislabs.com","level":"error","message":"Redis client error","timestamp":"2026-05-13T12:07:59.400Z"}
{"connection":"notification-worker","error":"getaddrinfo ENOTFOUND redis-14069.crce292.ap-south-1-2.ec2.cloud.redislabs.com","level":"error","message":"BullMQ Redis error","timestamp":"2026-05-13T12:08:00.078Z"}
{"connection":"activity-worker","error":"getaddrinfo ENOTFOUND redis-14069.crce292.ap-south-1-2.ec2.cloud.redislabs.com","level":"error","message":"BullMQ Redis error","timestamp":"2026-05-13T12:08:00.083Z"}
{"connection":"recommendation-worker","error":"getaddrinfo ENOTFOUND redis-14069.crce292.ap-south-1-2.ec2.cloud.redislabs.com","level":"error","message":"BullMQ Redis error","timestamp":"2026-05-13T12:08:00.301Z"}
{"connection":"audio-worker","error":"getaddrinfo ENOTFOUND redis-14069.crce292.ap-south-1-2.ec2.cloud.redislabs.com","level":"error","message":"BullMQ Redis error","timestamp":"2026-05-13T12:08:00.329Z"}
{"connection":"analytics-worker","error":"getaddrinfo ENOTFOUND redis-14069.crce292.ap-south-1-2.ec2.cloud.redislabs.com","level":"error","message":"BullMQ Redis error","timestamp":"2026-05-13T12:08:00.344Z"}
{"error":"ENOENT: no such file or directory, scandir 'D:\\desktop\\Back\\Spotify-Clone\\Backend\\src\\uploads\\temp'","level":"error","message":"Cleanup failed","timestamp":"2026-05-13T12:30:00.107Z"}
{"error":"read ECONNRESET","level":"error","message":"Redis client error","timestamp":"2026-05-13T12:48:48.558Z"}
{"error":"ENOENT: no such file or directory, scandir 'D:\\desktop\\Back\\Spotify-Clone\\Backend\\src\\uploads\\temp'","level":"error","message":"Cleanup failed","timestamp":"2026-05-17T06:30:00.054Z"}
{"error":"read ECONNRESET","level":"error","message":"Redis client error","timestamp":"2026-05-17T06:53:29.488Z"}
{"error":"read ECONNRESET","level":"error","message":"Shared BullMQ Redis error","timestamp":"2026-05-17T06:53:29.569Z"}
{"error":"getaddrinfo ENOTFOUND redis-14069.crce292.ap-south-1-2.ec2.cloud.redislabs.com","level":"error","message":"Redis client error","timestamp":"2026-05-17T06:53:29.834Z"}
{"error":"getaddrinfo ENOTFOUND redis-14069.crce292.ap-south-1-2.ec2.cloud.redislabs.com","level":"error","message":"Redis client error","timestamp":"2026-05-17T06:53:29.856Z"}
{"error":"getaddrinfo ENOTFOUND redis-14069.crce292.ap-south-1-2.ec2.cloud.redislabs.com","level":"error","message":"Shared BullMQ Redis error","timestamp":"2026-05-17T06:53:29.916Z"}
{"error":"getaddrinfo ENOTFOUND redis-14069.crce292.ap-south-1-2.ec2.cloud.redislabs.com","level":"error","message":"Redis client error","timestamp":"2026-05-17T06:53:30.419Z"}
{"error":"getaddrinfo ENOTFOUND redis-14069.crce292.ap-south-1-2.ec2.cloud.redislabs.com","level":"error","message":"Shared BullMQ Redis error","timestamp":"2026-05-17T06:53:30.510Z"}
{"error":"getaddrinfo ENOTFOUND redis-14069.crce292.ap-south-1-2.ec2.cloud.redislabs.com","level":"error","message":"Shared BullMQ Redis error","timestamp":"2026-05-17T06:53:31.191Z"}
{"error":"getaddrinfo ENOTFOUND redis-14069.crce292.ap-south-1-2.ec2.cloud.redislabs.com","level":"error","message":"Redis client error","timestamp":"2026-05-17T06:53:31.436Z"}
{"error":"getaddrinfo ENOTFOUND redis-14069.crce292.ap-south-1-2.ec2.cloud.redislabs.com","level":"error","message":"Shared BullMQ Redis error","timestamp":"2026-05-17T06:53:32.021Z"}
{"error":"getaddrinfo ENOTFOUND redis-14069.crce292.ap-south-1-2.ec2.cloud.redislabs.com","level":"error","message":"Redis client error","timestamp":"2026-05-17T06:53:32.947Z"}
{"error":"getaddrinfo ENOTFOUND redis-14069.crce292.ap-south-1-2.ec2.cloud.redislabs.com","level":"error","message":"Shared BullMQ Redis error","timestamp":"2026-05-17T06:53:33.041Z"}
{"error":"getaddrinfo ENOTFOUND redis-14069.crce292.ap-south-1-2.ec2.cloud.redislabs.com","level":"error","message":"Shared BullMQ Redis error","timestamp":"2026-05-17T06:53:34.272Z"}
{"error":"getaddrinfo ENOTFOUND redis-14069.crce292.ap-south-1-2.ec2.cloud.redislabs.com","level":"error","message":"Redis client error","timestamp":"2026-05-17T06:53:34.965Z"}
{"error":"getaddrinfo ENOTFOUND redis-14069.crce292.ap-south-1-2.ec2.cloud.redislabs.com","level":"error","message":"Shared BullMQ Redis error","timestamp":"2026-05-17T06:53:35.707Z"}
{"error":"getaddrinfo ENOTFOUND redis-14069.crce292.ap-south-1-2.ec2.cloud.redislabs.com","level":"error","message":"Shared BullMQ Redis error","timestamp":"2026-05-17T06:53:37.447Z"}
{"error":"getaddrinfo ENOTFOUND redis-14069.crce292.ap-south-1-2.ec2.cloud.redislabs.com","level":"error","message":"Redis client error","timestamp":"2026-05-17T06:53:37.488Z"}
{"error":"getaddrinfo ENOTFOUND redis-14069.crce292.ap-south-1-2.ec2.cloud.redislabs.com","level":"error","message":"Shared BullMQ Redis error","timestamp":"2026-05-17T06:53:39.258Z"}
{"error":"getaddrinfo ENOTFOUND redis-14069.crce292.ap-south-1-2.ec2.cloud.redislabs.com","level":"error","message":"Redis client error","timestamp":"2026-05-17T06:53:40.513Z"}
{"error":"getaddrinfo ENOTFOUND redis-14069.crce292.ap-south-1-2.ec2.cloud.redislabs.com","level":"error","message":"Shared BullMQ Redis error","timestamp":"2026-05-17T06:53:41.265Z"}
{"error":"getaddrinfo ENOTFOUND redis-14069.crce292.ap-south-1-2.ec2.cloud.redislabs.com","level":"error","message":"Shared BullMQ Redis error","timestamp":"2026-05-17T06:53:43.471Z"}
{"error":"getaddrinfo ENOTFOUND redis-14069.crce292.ap-south-1-2.ec2.cloud.redislabs.com","level":"error","message":"Redis client error","timestamp":"2026-05-17T06:53:43.519Z"}
{"error":"getaddrinfo ENOTFOUND redis-14069.crce292.ap-south-1-2.ec2.cloud.redislabs.com","level":"error","message":"Shared BullMQ Redis error","timestamp":"2026-05-17T06:53:45.878Z"}
{"level":"error","message":"redis.set is not a function","method":"POST","requestId":"8791e946-ad79-4eff-9bd9-2ca3278f593a","stack":"TypeError: redis.set is not a function\n    at D:\\desktop\\Back\\Spotify-Clone\\Backend\\src\\controllers\\auth.controller.js:125:19","statusCode":500,"timestamp":"2026-05-17T07:52:37.957Z","url":"/api/auth/register"}
